[SUITE] bells

=== level comparison bells ===
ok: level bell 1 creates a level-1 village
ok: level bell 1 keeps a valid town hall chest
ok: level bell 2 creates a level-2 village
ok: level bell 2 keeps a valid town hall chest
ok: level bell 3 creates a level-3 village
ok: level bell 3 keeps a valid town hall chest
ok: level bell 4 creates a level-4 village
ok: level bell 4 keeps a valid town hall chest
ok: level bell 5 creates a level-5 village
ok: level bell 5 keeps a valid town hall chest
ok: level bell 6 creates a level-6 village
ok: level bell 6 keeps a valid town hall chest
ok: level bell 7 creates a level-7 village
ok: level bell 7 keeps a valid town hall chest
ok: level bell 8 creates a level-8 village
ok: level bell 8 keeps a valid town hall chest
ok: level bell 9 creates a level-9 village
ok: level bell 9 keeps a valid town hall chest
ok: level bell 10 creates a level-10 village
ok: level bell 10 keeps a valid town hall chest
ok: level bell 11 creates a level-11 village
ok: level bell 11 keeps a valid town hall chest
ok: level bell 12 creates a level-12 village
ok: level bell 12 keeps a valid town hall chest
ok: level bell 13 creates a level-13 village
ok: level bell 13 keeps a valid town hall chest
ok: level bell 14 creates a level-14 village
ok: level bell 14 keeps a valid town hall chest
ok: level bell 15 creates a level-15 village
ok: level bell 15 keeps a valid town hall chest

=== exploration candidates ===
ok: same exploration cell always has the same candidate
ok: candidate stays inside its cell on X
ok: candidate stays inside its cell on Z
ok: candidate has a stable cardinal village orientation

ALL BELL TESTS PASSED
[SUITE] chapter_journal

=== new village model ===
ok: journal model is immutable
ok: new village journal shows level 1 open foundation chapter
ok: new village journal names the next runtime chapter
ok: new village journal has no unavailable arc metadata
ok: model keeps locale and stable localisation references

=== level model transitions and arc gates ===
ok: journal follows successful level 2
ok: level 2 journal has the exact active open chapter ID
ok: level 2 journal reports only available arc metadata
ok: level 2 journal exposes only the exact next normal-runtime chapter
ok: journal follows successful level 3
ok: level 3 journal has the exact active open chapter ID
ok: level 3 journal reports only available arc metadata
ok: level 3 journal exposes only the exact next normal-runtime chapter
ok: journal follows successful level 4
ok: level 4 journal has the exact active open chapter ID
ok: level 4 journal reports only available arc metadata
ok: level 4 journal exposes only the exact next normal-runtime chapter
ok: journal follows successful level 5
ok: level 5 journal has the exact active open chapter ID
ok: level 5 journal reports only available arc metadata
ok: level 5 journal exposes only the exact next normal-runtime chapter
ok: journal follows successful level 6
ok: level 6 journal has the exact active open chapter ID
ok: level 6 journal reports only available arc metadata
ok: level 6 journal exposes only the exact next normal-runtime chapter
ok: journal follows successful level 7
ok: level 7 journal has the exact active open chapter ID
ok: level 7 journal reports only available arc metadata
ok: level 7 journal exposes only the exact next normal-runtime chapter
ok: journal follows successful level 8
ok: level 8 journal has the exact active open chapter ID
ok: level 8 journal reports only available arc metadata
ok: level 8 journal exposes only the exact next normal-runtime chapter
ok: journal follows successful level 9
ok: level 9 journal has the exact active open chapter ID
ok: level 9 journal reports only available arc metadata
ok: level 9 journal exposes only the exact next normal-runtime chapter
ok: journal follows successful level 10
ok: level 10 journal has the exact active open chapter ID
ok: level 10 journal reports only available arc metadata
FAIL: level 10 journal exposes only the exact next normal-runtime chapter
FAIL: level 10 journal is terminal and never presents level 11 as a runtime step
ok: terminal model references beta-cap localisation key

=== legacy and damaged fallback safety ===
ok: legacy elder renders a non-mutating chapter fallback from legacy level
ok: legacy journal fallback does not modify any property
ok: damaged chapter state receives a safe localised fallback model
ok: damaged journal read does not repair or write properties
ok: invalid elder returns a safe error model without throwing
ok: future runtime level returns a safe model rather than activating level 11

=== UI cancellation and back safety ===
ok: canceled journal form changes no chapter or level state
ok: back navigation returns to the elder menu exactly once
ok: back navigation changes no chapter or level state

2 CHAPTER JOURNAL TEST(S) FAILED
[SUITE] chapter_state

=== new village chapter state ===
ok: new elder stores schema version 2
ok: new village opens chapter.01.foundation
ok: new village persists the active chapter flag
ok: repeat initialization is idempotent for a new village

=== level 1 through 10 transitions ===
ok: level 2 builds through the normal pipeline
ok: level 2 result reports chapter.02.field
ok: level 2 marks chapter.01.foundation complete
ok: level 2 opens chapter.02.field
ok: level 3 builds through the normal pipeline
ok: level 3 result reports chapter.03.forge
ok: level 3 marks chapter.02.field complete
ok: level 3 opens chapter.03.forge
ok: level 4 builds through the normal pipeline
ok: level 4 result reports chapter.04.routes
ok: level 4 marks chapter.03.forge complete
ok: level 4 opens chapter.04.routes
ok: level 5 builds through the normal pipeline
ok: level 5 result reports chapter.05.watch
ok: level 5 marks chapter.04.routes complete
ok: level 5 opens chapter.05.watch
ok: level 6 builds through the normal pipeline
ok: level 6 result reports chapter.06.safe_mine
ok: level 6 marks chapter.05.watch complete
ok: level 6 opens chapter.06.safe_mine
ok: level 7 builds through the normal pipeline
ok: level 7 result reports chapter.07.neighbours
ok: level 7 marks chapter.06.safe_mine complete
ok: level 7 opens chapter.07.neighbours
ok: level 8 builds through the normal pipeline
ok: level 8 result reports chapter.08.remembered_places
ok: level 8 marks chapter.07.neighbours complete
ok: level 8 opens chapter.08.remembered_places
ok: level 9 builds through the normal pipeline
ok: level 9 result reports chapter.09.craft_circle
ok: level 9 marks chapter.08.remembered_places complete
ok: level 9 opens chapter.09.craft_circle
ok: level 10 builds through the normal pipeline
ok: level 10 result reports chapter.10.safe_roads
ok: level 10 marks chapter.09.craft_circle complete
ok: level 10 opens chapter.10.safe_roads

=== failed and terminal transitions ===
FAIL: level 10 remains the terminal actual progression level
ok: terminal level-up attempt leaves chapter state unchanged
ok: empty chest does not raise village level
ok: empty chest does not change active chapter

=== lazy legacy and neutral safety ===
ok: legacy elder lazily derives chapter.06.safe_mine from village:level
ok: lazy init preserves legacy quest_step
ok: lazy init preserves legacy discounts
ok: lazy init preserves legacy special quest progress
ok: lazy init preserves legacy special build flag
ok: legacy lazy init is idempotent
ok: partially migrated elder repairs only v2 chapter state
ok: partially migrated elder gets a safe open active chapter
ok: elder without village:level returns a neutral result
ok: invalid elder returns neutral result without throwing
ok: runtime refuses future level 11 state installation
ok: state write error returns a neutral result
ok: state write error leaves prior active chapter unchanged
ok: state write error leaves legacy level unchanged
ok: missing property API returns neutral diagnostic
ok: only open and complete are recognized runtime chapter states

1 CHAPTER STATE TEST(S) FAILED
[SUITE] city_11_15

=== city builders 11–15: all four orientations ===
ok: market_square, facing 0: returns matching buildingId
ok: market_square, facing 0: returns approved core bounds
ok: market_square, facing 0: core bounds stay out of canonical road bands
ok: market_square, facing 0: metadata preserves a two-block road link
ok: market_square, facing 0: returns rooms and roof specs
ok: market_square, facing 0: creates real blocks in the mock world
ok: market_square, facing 0: all 3510 placed blocks stay inside approved core bounds (0 outside)
ok: market_square, facing 0: local terrain preparation preserves neighbouring marker block
ok: market_square, facing 0: entry lower half is a real wooden door
ok: market_square, facing 0: entry upper half is a real wooden door
ok: market_square, facing 0: internal entry path is at least two blocks wide (2)
ok: market_square, facing 0: entry path has gravel at -33,6
ok: market_square, facing 0: entry path has gravel at -33,7
ok: market_square, facing 0: entry path has gravel at -33,8
ok: market_square, facing 0: entry path has gravel at -33,9
ok: market_square, facing 0: entry path has gravel at -33,10
ok: market_square, facing 0: entry path has gravel at -33,11
ok: market_square, facing 0: entry path has gravel at -32,6
ok: market_square, facing 0: entry path has gravel at -32,7
ok: market_square, facing 0: entry path has gravel at -32,8
ok: market_square, facing 0: entry path has gravel at -32,9
ok: market_square, facing 0: entry path has gravel at -32,10
ok: market_square, facing 0: entry path has gravel at -32,11
ok: market_square, facing 0: reserved approach to road axis is at least two blocks wide (2)
ok: market_square, facing 0: external approach remains free for future road integration
ok: market_square, facing 0: future npcAnchor is accessible air
ok: market_square, facing 0: exposes at least one future storage slot
ok: market_square, facing 0: exposes at least one workstation slot
ok: market_square, facing 0: exposes night-light slots
ok: market_square, facing 0: storage slot is minecraft:barrel
ok: market_square, facing 0: storage slot has adjacent walkable interior air
ok: market_square, facing 0: workstation slot is minecraft:composter
ok: market_square, facing 0: workstation slot has adjacent walkable interior air
ok: market_square, facing 0: light slot is a lantern
ok: market_square, facing 0: light slot is a lantern
ok: market_square, facing 0: light slot is a lantern
ok: market_square, facing 0: light slot is a lantern
ok: market_square, facing 0: light slot is a lantern
ok: market_square, facing 0: roof edge at -40,7 is a stair
ok: market_square, facing 0: roof edge at -40,7 faces outward (north)
ok: market_square, facing 0: roof edge at -40,9 is a stair
ok: market_square, facing 0: roof edge at -40,9 faces outward (south)
ok: market_square, facing 0: roof edge at -36,7 is a stair
ok: market_square, facing 0: roof edge at -36,7 faces outward (north)
ok: market_square, facing 0: roof edge at -36,9 is a stair
ok: market_square, facing 0: roof edge at -36,9 faces outward (south)
ok: market_square, facing 0: roof edge at -32,7 is a stair
ok: market_square, facing 0: roof edge at -32,7 faces outward (north)
ok: market_square, facing 0: roof edge at -32,9 is a stair
ok: market_square, facing 0: roof edge at -32,9 faces outward (south)
ok: market_square, facing 0: roof edge at -40,17 is a stair
ok: market_square, facing 0: roof edge at -40,17 faces outward (north)
ok: market_square, facing 0: roof edge at -40,19 is a stair
ok: market_square, facing 0: roof edge at -40,19 faces outward (south)
ok: market_square, facing 0: roof edge at -36,17 is a stair
ok: market_square, facing 0: roof edge at -36,17 faces outward (north)
ok: market_square, facing 0: roof edge at -36,19 is a stair
ok: market_square, facing 0: roof edge at -36,19 faces outward (south)
ok: market_square, facing 0: roof edge at -32,17 is a stair
ok: market_square, facing 0: roof edge at -32,17 faces outward (north)
ok: market_square, facing 0: roof edge at -32,19 is a stair
ok: market_square, facing 0: roof edge at -32,19 faces outward (south)
ok: market_square, facing 0: roof edge at -32,11 is a stair
ok: market_square, facing 0: roof edge at -32,11 faces outward (north)
ok: market_square, facing 0: roof edge at -32,16 is a stair
ok: market_square, facing 0: roof edge at -32,16 faces outward (south)
ok: market_square, facing 0: market correctly has no residential bed slot
ok: granary_yard, facing 0: returns matching buildingId
ok: granary_yard, facing 0: returns approved core bounds
ok: granary_yard, facing 0: core bounds stay out of canonical road bands
ok: granary_yard, facing 0: metadata preserves a two-block road link
ok: granary_yard, facing 0: returns rooms and roof specs
ok: granary_yard, facing 0: creates real blocks in the mock world
ok: granary_yard, facing 0: all 9918 placed blocks stay inside approved core bounds (0 outside)
ok: granary_yard, facing 0: local terrain preparation preserves neighbouring marker block
ok: granary_yard, facing 0: entry lower half is a real wooden door
ok: granary_yard, facing 0: entry upper half is a real wooden door
ok: granary_yard, facing 0: internal entry path is at least two blocks wide (2)
ok: granary_yard, facing 0: entry path has gravel at 8,56
ok: granary_yard, facing 0: entry path has gravel at 8,57
ok: granary_yard, facing 0: entry path has gravel at 9,56
ok: granary_yard, facing 0: entry path has gravel at 9,57
ok: granary_yard, facing 0: entry path has gravel at 10,56
ok: granary_yard, facing 0: entry path has gravel at 10,57
ok: granary_yard, facing 0: entry path has gravel at 11,56
ok: granary_yard, facing 0: entry path has gravel at 11,57
ok: granary_yard, facing 0: entry path has gravel at 12,56
ok: granary_yard, facing 0: entry path has gravel at 12,57
ok: granary_yard, facing 0: reserved approach to road axis is at least two blocks wide (2)
ok: granary_yard, facing 0: external approach remains free for future road integration
ok: granary_yard, facing 0: future npcAnchor is accessible air
ok: granary_yard, facing 0: exposes at least one future storage slot
ok: granary_yard, facing 0: exposes at least one workstation slot
ok: granary_yard, facing 0: exposes night-light slots
ok: granary_yard, facing 0: bed slot is a real bed
ok: granary_yard, facing 0: bed slot has adjacent walkable interior air
ok: granary_yard, facing 0: storage slot is minecraft:barrel
ok: granary_yard, facing 0: storage slot has adjacent walkable interior air
ok: granary_yard, facing 0: storage slot is minecraft:chest
ok: granary_yard, facing 0: storage slot has adjacent walkable interior air
ok: granary_yard, facing 0: workstation slot is minecraft:composter
ok: granary_yard, facing 0: workstation slot has adjacent walkable interior air
ok: granary_yard, facing 0: light slot is a lantern
ok: granary_yard, facing 0: light slot is a lantern
ok: granary_yard, facing 0: light slot is a lantern
ok: granary_yard, facing 0: roof edge at 17,52 is a stair
ok: granary_yard, facing 0: roof edge at 17,52 faces outward (north)
ok: granary_yard, facing 0: roof edge at 17,62 is a stair
ok: granary_yard, facing 0: roof edge at 17,62 faces outward (south)
ok: granary_yard, facing 0: inhabited building includes future bed slots
ok: travellers_inn, facing 0: returns matching buildingId
ok: travellers_inn, facing 0: returns approved core bounds
ok: travellers_inn, facing 0: core bounds stay out of canonical road bands
ok: travellers_inn, facing 0: metadata preserves a two-block road link
ok: travellers_inn, facing 0: returns rooms and roof specs
ok: travellers_inn, facing 0: creates real blocks in the mock world
ok: travellers_inn, facing 0: all 12150 placed blocks stay inside approved core bounds (0 outside)
ok: travellers_inn, facing 0: local terrain preparation preserves neighbouring marker block
ok: travellers_inn, facing 0: entry lower half is a real wooden door
ok: travellers_inn, facing 0: entry upper half is a real wooden door
ok: travellers_inn, facing 0: internal entry path is at least two blocks wide (2)
ok: travellers_inn, facing 0: entry path has gravel at 50,-25
ok: travellers_inn, facing 0: entry path has gravel at 50,-24
ok: travellers_inn, facing 0: entry path has gravel at 50,-23
ok: travellers_inn, facing 0: entry path has gravel at 50,-22
ok: travellers_inn, facing 0: entry path has gravel at 50,-21
ok: travellers_inn, facing 0: entry path has gravel at 50,-20
ok: travellers_inn, facing 0: entry path has gravel at 50,-19
ok: travellers_inn, facing 0: entry path has gravel at 50,-18
ok: travellers_inn, facing 0: entry path has gravel at 51,-25
ok: travellers_inn, facing 0: entry path has gravel at 51,-24
ok: travellers_inn, facing 0: entry path has gravel at 51,-23
ok: travellers_inn, facing 0: entry path has gravel at 51,-22
ok: travellers_inn, facing 0: entry path has gravel at 51,-21
ok: travellers_inn, facing 0: entry path has gravel at 51,-20
ok: travellers_inn, facing 0: entry path has gravel at 51,-19
ok: travellers_inn, facing 0: entry path has gravel at 51,-18
ok: travellers_inn, facing 0: reserved approach to road axis is at least two blocks wide (2)
ok: travellers_inn, facing 0: external approach remains free for future road integration
ok: travellers_inn, facing 0: future npcAnchor is accessible air
ok: travellers_inn, facing 0: exposes at least one future storage slot
ok: travellers_inn, facing 0: exposes at least one workstation slot
ok: travellers_inn, facing 0: exposes night-light slots
ok: travellers_inn, facing 0: bed slot is a real bed
ok: travellers_inn, facing 0: bed slot has adjacent walkable interior air
ok: travellers_inn, facing 0: bed slot is a real bed
ok: travellers_inn, facing 0: bed slot has adjacent walkable interior air
ok: travellers_inn, facing 0: bed slot is a real bed
ok: travellers_inn, facing 0: bed slot has adjacent walkable interior air
ok: travellers_inn, facing 0: bed slot is a real bed
ok: travellers_inn, facing 0: bed slot has adjacent walkable interior air
ok: travellers_inn, facing 0: storage slot is minecraft:barrel
ok: travellers_inn, facing 0: storage slot has adjacent walkable interior air
ok: travellers_inn, facing 0: storage slot is minecraft:chest
ok: travellers_inn, facing 0: storage slot has adjacent walkable interior air
ok: travellers_inn, facing 0: workstation slot is minecraft:furnace
ok: travellers_inn, facing 0: workstation slot has adjacent walkable interior air
ok: travellers_inn, facing 0: light slot is a lantern
ok: travellers_inn, facing 0: light slot is a lantern
ok: travellers_inn, facing 0: light slot is a lantern
ok: travellers_inn, facing 0: light slot is a lantern
ok: travellers_inn, facing 0: light slot is a lantern
ok: travellers_inn, facing 0: roof edge at 51,-37 is a stair
ok: travellers_inn, facing 0: roof edge at 51,-37 faces outward (north)
ok: travellers_inn, facing 0: roof edge at 51,-25 is a stair
ok: travellers_inn, facing 0: roof edge at 51,-25 faces outward (south)
ok: travellers_inn, facing 0: roof edge at 62,-38 is a stair
ok: travellers_inn, facing 0: roof edge at 62,-38 faces outward (north)
ok: travellers_inn, facing 0: roof edge at 62,-35 is a stair
ok: travellers_inn, facing 0: roof edge at 62,-35 faces outward (south)
ok: travellers_inn, facing 0: inhabited building includes future bed slots
ok: guard_barracks, facing 0: returns matching buildingId
ok: guard_barracks, facing 0: returns approved core bounds
ok: guard_barracks, facing 0: core bounds stay out of canonical road bands
ok: guard_barracks, facing 0: metadata preserves a two-block road link
ok: guard_barracks, facing 0: returns rooms and roof specs
ok: guard_barracks, facing 0: creates real blocks in the mock world
ok: guard_barracks, facing 0: all 9522 placed blocks stay inside approved core bounds (0 outside)
ok: guard_barracks, facing 0: local terrain preparation preserves neighbouring marker block
ok: guard_barracks, facing 0: entry lower half is a real wooden door
ok: guard_barracks, facing 0: entry upper half is a real wooden door
ok: guard_barracks, facing 0: internal entry path is at least two blocks wide (2)
ok: guard_barracks, facing 0: entry path has gravel at -57,-26
ok: guard_barracks, facing 0: entry path has gravel at -57,-25
ok: guard_barracks, facing 0: entry path has gravel at -57,-24
ok: guard_barracks, facing 0: entry path has gravel at -57,-23
ok: guard_barracks, facing 0: entry path has gravel at -57,-22
ok: guard_barracks, facing 0: entry path has gravel at -57,-21
ok: guard_barracks, facing 0: entry path has gravel at -57,-20
ok: guard_barracks, facing 0: entry path has gravel at -57,-19
ok: guard_barracks, facing 0: entry path has gravel at -57,-18
ok: guard_barracks, facing 0: entry path has gravel at -56,-26
ok: guard_barracks, facing 0: entry path has gravel at -56,-25
ok: guard_barracks, facing 0: entry path has gravel at -56,-24
ok: guard_barracks, facing 0: entry path has gravel at -56,-23
ok: guard_barracks, facing 0: entry path has gravel at -56,-22
ok: guard_barracks, facing 0: entry path has gravel at -56,-21
ok: guard_barracks, facing 0: entry path has gravel at -56,-20
ok: guard_barracks, facing 0: entry path has gravel at -56,-19
ok: guard_barracks, facing 0: entry path has gravel at -56,-18
ok: guard_barracks, facing 0: reserved approach to road axis is at least two blocks wide (2)
ok: guard_barracks, facing 0: external approach remains free for future road integration
ok: guard_barracks, facing 0: future npcAnchor is accessible air
ok: guard_barracks, facing 0: exposes at least one future storage slot
ok: guard_barracks, facing 0: exposes at least one workstation slot
ok: guard_barracks, facing 0: exposes night-light slots
ok: guard_barracks, facing 0: bed slot is a real bed
ok: guard_barracks, facing 0: bed slot has adjacent walkable interior air
ok: guard_barracks, facing 0: bed slot is a real bed
ok: guard_barracks, facing 0: bed slot has adjacent walkable interior air
ok: guard_barracks, facing 0: bed slot is a real bed
ok: guard_barracks, facing 0: bed slot has adjacent walkable interior air
ok: guard_barracks, facing 0: bed slot is a real bed
ok: guard_barracks, facing 0: bed slot has adjacent walkable interior air
ok: guard_barracks, facing 0: storage slot is minecraft:barrel
ok: guard_barracks, facing 0: storage slot has adjacent walkable interior air
ok: guard_barracks, facing 0: storage slot is minecraft:chest
ok: guard_barracks, facing 0: storage slot has adjacent walkable interior air
ok: guard_barracks, facing 0: workstation slot is minecraft:grindstone
ok: guard_barracks, facing 0: workstation slot has adjacent walkable interior air
ok: guard_barracks, facing 0: workstation slot is minecraft:smithing_table
ok: guard_barracks, facing 0: workstation slot has adjacent walkable interior air
ok: guard_barracks, facing 0: light slot is a lantern
ok: guard_barracks, facing 0: light slot is a lantern
ok: guard_barracks, facing 0: light slot is a lantern
ok: guard_barracks, facing 0: light slot is a lantern
ok: guard_barracks, facing 0: light slot is a lantern
ok: guard_barracks, facing 0: roof edge at -56,-37 is a stair
ok: guard_barracks, facing 0: roof edge at -56,-37 faces outward (north)
ok: guard_barracks, facing 0: roof edge at -56,-26 is a stair
ok: guard_barracks, facing 0: roof edge at -56,-26 faces outward (south)
ok: guard_barracks, facing 0: inhabited building includes future bed slots
ok: village_archive, facing 0: returns matching buildingId
ok: village_archive, facing 0: returns approved core bounds
ok: village_archive, facing 0: core bounds stay out of canonical road bands
ok: village_archive, facing 0: metadata preserves a two-block road link
ok: village_archive, facing 0: returns rooms and roof specs
ok: village_archive, facing 0: creates real blocks in the mock world
ok: village_archive, facing 0: all 4590 placed blocks stay inside approved core bounds (0 outside)
ok: village_archive, facing 0: local terrain preparation preserves neighbouring marker block
ok: village_archive, facing 0: entry lower half is a real wooden door
ok: village_archive, facing 0: entry upper half is a real wooden door
ok: village_archive, facing 0: internal entry path is at least two blocks wide (2)
ok: village_archive, facing 0: entry path has gravel at -7,54
ok: village_archive, facing 0: entry path has gravel at -7,55
ok: village_archive, facing 0: entry path has gravel at -6,54
ok: village_archive, facing 0: entry path has gravel at -6,55
ok: village_archive, facing 0: entry path has gravel at -5,54
ok: village_archive, facing 0: entry path has gravel at -5,55
ok: village_archive, facing 0: entry path has gravel at -4,54
ok: village_archive, facing 0: entry path has gravel at -4,55
ok: village_archive, facing 0: reserved approach to road axis is at least two blocks wide (2)
ok: village_archive, facing 0: external approach remains free for future road integration
ok: village_archive, facing 0: future npcAnchor is accessible air
ok: village_archive, facing 0: exposes at least one future storage slot
ok: village_archive, facing 0: exposes at least one workstation slot
ok: village_archive, facing 0: exposes night-light slots
ok: village_archive, facing 0: bed slot is a real bed
ok: village_archive, facing 0: bed slot has adjacent walkable interior air
ok: village_archive, facing 0: storage slot is minecraft:chest
ok: village_archive, facing 0: storage slot has adjacent walkable interior air
ok: village_archive, facing 0: workstation slot is minecraft:lectern
ok: village_archive, facing 0: workstation slot has adjacent walkable interior air
ok: village_archive, facing 0: workstation slot is minecraft:cartography_table
ok: village_archive, facing 0: workstation slot has adjacent walkable interior air
ok: village_archive, facing 0: light slot is a lantern
ok: village_archive, facing 0: light slot is a lantern
ok: village_archive, facing 0: light slot is a lantern
ok: village_archive, facing 0: roof edge at -11,50 is a stair
ok: village_archive, facing 0: roof edge at -11,50 faces outward (north)
ok: village_archive, facing 0: roof edge at -11,60 is a stair
ok: village_archive, facing 0: roof edge at -11,60 faces outward (south)
ok: village_archive, facing 0: inhabited building includes future bed slots
ok: market_square, facing 1: returns matching buildingId
ok: market_square, facing 1: returns approved core bounds
ok: market_square, facing 1: core bounds stay out of canonical road bands
ok: market_square, facing 1: metadata preserves a two-block road link
ok: market_square, facing 1: returns rooms and roof specs
ok: market_square, facing 1: creates real blocks in the mock world
ok: market_square, facing 1: all 3510 placed blocks stay inside approved core bounds (0 outside)
ok: market_square, facing 1: local terrain preparation preserves neighbouring marker block
ok: market_square, facing 1: entry lower half is a real wooden door
ok: market_square, facing 1: entry upper half is a real wooden door
ok: market_square, facing 1: internal entry path is at least two blocks wide (2)
ok: market_square, facing 1: entry path has gravel at -33,6
ok: market_square, facing 1: entry path has gravel at -33,7
ok: market_square, facing 1: entry path has gravel at -33,8
ok: market_square, facing 1: entry path has gravel at -33,9
ok: market_square, facing 1: entry path has gravel at -33,10
ok: market_square, facing 1: entry path has gravel at -33,11
ok: market_square, facing 1: entry path has gravel at -32,6
ok: market_square, facing 1: entry path has gravel at -32,7
ok: market_square, facing 1: entry path has gravel at -32,8
ok: market_square, facing 1: entry path has gravel at -32,9
ok: market_square, facing 1: entry path has gravel at -32,10
ok: market_square, facing 1: entry path has gravel at -32,11
ok: market_square, facing 1: reserved approach to road axis is at least two blocks wide (2)
ok: market_square, facing 1: external approach remains free for future road integration
ok: market_square, facing 1: future npcAnchor is accessible air
ok: market_square, facing 1: exposes at least one future storage slot
ok: market_square, facing 1: exposes at least one workstation slot
ok: market_square, facing 1: exposes night-light slots
ok: market_square, facing 1: storage slot is minecraft:barrel
ok: market_square, facing 1: storage slot has adjacent walkable interior air
ok: market_square, facing 1: workstation slot is minecraft:composter
ok: market_square, facing 1: workstation slot has adjacent walkable interior air
ok: market_square, facing 1: light slot is a lantern
ok: market_square, facing 1: light slot is a lantern
ok: market_square, facing 1: light slot is a lantern
ok: market_square, facing 1: light slot is a lantern
ok: market_square, facing 1: light slot is a lantern
ok: market_square, facing 1: roof edge at -40,7 is a stair
ok: market_square, facing 1: roof edge at -40,7 faces outward (south)
ok: market_square, facing 1: roof edge at -40,9 is a stair
ok: market_square, facing 1: roof edge at -40,9 faces outward (north)
ok: market_square, facing 1: roof edge at -36,7 is a stair
ok: market_square, facing 1: roof edge at -36,7 faces outward (south)
ok: market_square, facing 1: roof edge at -36,9 is a stair
ok: market_square, facing 1: roof edge at -36,9 faces outward (north)
ok: market_square, facing 1: roof edge at -32,7 is a stair
ok: market_square, facing 1: roof edge at -32,7 faces outward (south)
ok: market_square, facing 1: roof edge at -32,9 is a stair
ok: market_square, facing 1: roof edge at -32,9 faces outward (north)
ok: market_square, facing 1: roof edge at -40,17 is a stair
ok: market_square, facing 1: roof edge at -40,17 faces outward (south)
ok: market_square, facing 1: roof edge at -40,19 is a stair
ok: market_square, facing 1: roof edge at -40,19 faces outward (north)
ok: market_square, facing 1: roof edge at -36,17 is a stair
ok: market_square, facing 1: roof edge at -36,17 faces outward (south)
ok: market_square, facing 1: roof edge at -36,19 is a stair
ok: market_square, facing 1: roof edge at -36,19 faces outward (north)
ok: market_square, facing 1: roof edge at -32,17 is a stair
ok: market_square, facing 1: roof edge at -32,17 faces outward (south)
ok: market_square, facing 1: roof edge at -32,19 is a stair
ok: market_square, facing 1: roof edge at -32,19 faces outward (north)
ok: market_square, facing 1: roof edge at -32,11 is a stair
ok: market_square, facing 1: roof edge at -32,11 faces outward (south)
ok: market_square, facing 1: roof edge at -32,16 is a stair
ok: market_square, facing 1: roof edge at -32,16 faces outward (north)
ok: market_square, facing 1: market correctly has no residential bed slot
ok: granary_yard, facing 1: returns matching buildingId
ok: granary_yard, facing 1: returns approved core bounds
ok: granary_yard, facing 1: core bounds stay out of canonical road bands
ok: granary_yard, facing 1: metadata preserves a two-block road link
ok: granary_yard, facing 1: returns rooms and roof specs
ok: granary_yard, facing 1: creates real blocks in the mock world
ok: granary_yard, facing 1: all 9918 placed blocks stay inside approved core bounds (0 outside)
ok: granary_yard, facing 1: local terrain preparation preserves neighbouring marker block
ok: granary_yard, facing 1: entry lower half is a real wooden door
ok: granary_yard, facing 1: entry upper half is a real wooden door
ok: granary_yard, facing 1: internal entry path is at least two blocks wide (2)
ok: granary_yard, facing 1: entry path has gravel at 8,56
ok: granary_yard, facing 1: entry path has gravel at 8,57
ok: granary_yard, facing 1: entry path has gravel at 9,56
ok: granary_yard, facing 1: entry path has gravel at 9,57
ok: granary_yard, facing 1: entry path has gravel at 10,56
ok: granary_yard, facing 1: entry path has gravel at 10,57
ok: granary_yard, facing 1: entry path has gravel at 11,56
ok: granary_yard, facing 1: entry path has gravel at 11,57
ok: granary_yard, facing 1: entry path has gravel at 12,56
ok: granary_yard, facing 1: entry path has gravel at 12,57
ok: granary_yard, facing 1: reserved approach to road axis is at least two blocks wide (2)
ok: granary_yard, facing 1: external approach remains free for future road integration
ok: granary_yard, facing 1: future npcAnchor is accessible air
ok: granary_yard, facing 1: exposes at least one future storage slot
ok: granary_yard, facing 1: exposes at least one workstation slot
ok: granary_yard, facing 1: exposes night-light slots
ok: granary_yard, facing 1: bed slot is a real bed
ok: granary_yard, facing 1: bed slot has adjacent walkable interior air
ok: granary_yard, facing 1: storage slot is minecraft:barrel
ok: granary_yard, facing 1: storage slot has adjacent walkable interior air
ok: granary_yard, facing 1: storage slot is minecraft:chest
ok: granary_yard, facing 1: storage slot has adjacent walkable interior air
ok: granary_yard, facing 1: workstation slot is minecraft:composter
ok: granary_yard, facing 1: workstation slot has adjacent walkable interior air
ok: granary_yard, facing 1: light slot is a lantern
ok: granary_yard, facing 1: light slot is a lantern
ok: granary_yard, facing 1: light slot is a lantern
ok: granary_yard, facing 1: roof edge at 17,52 is a stair
ok: granary_yard, facing 1: roof edge at 17,52 faces outward (south)
ok: granary_yard, facing 1: roof edge at 17,62 is a stair
ok: granary_yard, facing 1: roof edge at 17,62 faces outward (north)
ok: granary_yard, facing 1: inhabited building includes future bed slots
ok: travellers_inn, facing 1: returns matching buildingId
ok: travellers_inn, facing 1: returns approved core bounds
ok: travellers_inn, facing 1: core bounds stay out of canonical road bands
ok: travellers_inn, facing 1: metadata preserves a two-block road link
ok: travellers_inn, facing 1: returns rooms and roof specs
ok: travellers_inn, facing 1: creates real blocks in the mock world
ok: travellers_inn, facing 1: all 12150 placed blocks stay inside approved core bounds (0 outside)
ok: travellers_inn, facing 1: local terrain preparation preserves neighbouring marker block
ok: travellers_inn, facing 1: entry lower half is a real wooden door
ok: travellers_inn, facing 1: entry upper half is a real wooden door
ok: travellers_inn, facing 1: internal entry path is at least two blocks wide (2)
ok: travellers_inn, facing 1: entry path has gravel at 50,-25
ok: travellers_inn, facing 1: entry path has gravel at 50,-24
ok: travellers_inn, facing 1: entry path has gravel at 50,-23
ok: travellers_inn, facing 1: entry path has gravel at 50,-22
ok: travellers_inn, facing 1: entry path has gravel at 50,-21
ok: travellers_inn, facing 1: entry path has gravel at 50,-20
ok: travellers_inn, facing 1: entry path has gravel at 50,-19
ok: travellers_inn, facing 1: entry path has gravel at 50,-18
ok: travellers_inn, facing 1: entry path has gravel at 51,-25
ok: travellers_inn, facing 1: entry path has gravel at 51,-24
ok: travellers_inn, facing 1: entry path has gravel at 51,-23
ok: travellers_inn, facing 1: entry path has gravel at 51,-22
ok: travellers_inn, facing 1: entry path has gravel at 51,-21
ok: travellers_inn, facing 1: entry path has gravel at 51,-20
ok: travellers_inn, facing 1: entry path has gravel at 51,-19
ok: travellers_inn, facing 1: entry path has gravel at 51,-18
ok: travellers_inn, facing 1: reserved approach to road axis is at least two blocks wide (2)
ok: travellers_inn, facing 1: external approach remains free for future road integration
ok: travellers_inn, facing 1: future npcAnchor is accessible air
ok: travellers_inn, facing 1: exposes at least one future storage slot
ok: travellers_inn, facing 1: exposes at least one workstation slot
ok: travellers_inn, facing 1: exposes night-light slots
ok: travellers_inn, facing 1: bed slot is a real bed
ok: travellers_inn, facing 1: bed slot has adjacent walkable interior air
ok: travellers_inn, facing 1: bed slot is a real bed
ok: travellers_inn, facing 1: bed slot has adjacent walkable interior air
ok: travellers_inn, facing 1: bed slot is a real bed
ok: travellers_inn, facing 1: bed slot has adjacent walkable interior air
ok: travellers_inn, facing 1: bed slot is a real bed
ok: travellers_inn, facing 1: bed slot has adjacent walkable interior air
ok: travellers_inn, facing 1: storage slot is minecraft:barrel
ok: travellers_inn, facing 1: storage slot has adjacent walkable interior air
ok: travellers_inn, facing 1: storage slot is minecraft:chest
ok: travellers_inn, facing 1: storage slot has adjacent walkable interior air
ok: travellers_inn, facing 1: workstation slot is minecraft:furnace
ok: travellers_inn, facing 1: workstation slot has adjacent walkable interior air
ok: travellers_inn, facing 1: light slot is a lantern
ok: travellers_inn, facing 1: light slot is a lantern
ok: travellers_inn, facing 1: light slot is a lantern
ok: travellers_inn, facing 1: light slot is a lantern
ok: travellers_inn, facing 1: light slot is a lantern
ok: travellers_inn, facing 1: roof edge at 51,-37 is a stair
ok: travellers_inn, facing 1: roof edge at 51,-37 faces outward (south)
ok: travellers_inn, facing 1: roof edge at 51,-25 is a stair
ok: travellers_inn, facing 1: roof edge at 51,-25 faces outward (north)
ok: travellers_inn, facing 1: roof edge at 62,-38 is a stair
ok: travellers_inn, facing 1: roof edge at 62,-38 faces outward (south)
ok: travellers_inn, facing 1: roof edge at 62,-35 is a stair
ok: travellers_inn, facing 1: roof edge at 62,-35 faces outward (north)
ok: travellers_inn, facing 1: inhabited building includes future bed slots
ok: guard_barracks, facing 1: returns matching buildingId
ok: guard_barracks, facing 1: returns approved core bounds
ok: guard_barracks, facing 1: core bounds stay out of canonical road bands
ok: guard_barracks, facing 1: metadata preserves a two-block road link
ok: guard_barracks, facing 1: returns rooms and roof specs
ok: guard_barracks, facing 1: creates real blocks in the mock world
ok: guard_barracks, facing 1: all 9522 placed blocks stay inside approved core bounds (0 outside)
ok: guard_barracks, facing 1: local terrain preparation preserves neighbouring marker block
ok: guard_barracks, facing 1: entry lower half is a real wooden door
ok: guard_barracks, facing 1: entry upper half is a real wooden door
ok: guard_barracks, facing 1: internal entry path is at least two blocks wide (2)
ok: guard_barracks, facing 1: entry path has gravel at -57,-26
ok: guard_barracks, facing 1: entry path has gravel at -57,-25
ok: guard_barracks, facing 1: entry path has gravel at -57,-24
ok: guard_barracks, facing 1: entry path has gravel at -57,-23
ok: guard_barracks, facing 1: entry path has gravel at -57,-22
ok: guard_barracks, facing 1: entry path has gravel at -57,-21
ok: guard_barracks, facing 1: entry path has gravel at -57,-20
ok: guard_barracks, facing 1: entry path has gravel at -57,-19
ok: guard_barracks, facing 1: entry path has gravel at -57,-18
ok: guard_barracks, facing 1: entry path has gravel at -56,-26
ok: guard_barracks, facing 1: entry path has gravel at -56,-25
ok: guard_barracks, facing 1: entry path has gravel at -56,-24
ok: guard_barracks, facing 1: entry path has gravel at -56,-23
ok: guard_barracks, facing 1: entry path has gravel at -56,-22
ok: guard_barracks, facing 1: entry path has gravel at -56,-21
ok: guard_barracks, facing 1: entry path has gravel at -56,-20
ok: guard_barracks, facing 1: entry path has gravel at -56,-19
ok: guard_barracks, facing 1: entry path has gravel at -56,-18
ok: guard_barracks, facing 1: reserved approach to road axis is at least two blocks wide (2)
ok: guard_barracks, facing 1: external approach remains free for future road integration
ok: guard_barracks, facing 1: future npcAnchor is accessible air
ok: guard_barracks, facing 1: exposes at least one future storage slot
ok: guard_barracks, facing 1: exposes at least one workstation slot
ok: guard_barracks, facing 1: exposes night-light slots
ok: guard_barracks, facing 1: bed slot is a real bed
ok: guard_barracks, facing 1: bed slot has adjacent walkable interior air
ok: guard_barracks, facing 1: bed slot is a real bed
ok: guard_barracks, facing 1: bed slot has adjacent walkable interior air
ok: guard_barracks, facing 1: bed slot is a real bed
ok: guard_barracks, facing 1: bed slot has adjacent walkable interior air
ok: guard_barracks, facing 1: bed slot is a real bed
ok: guard_barracks, facing 1: bed slot has adjacent walkable interior air
ok: guard_barracks, facing 1: storage slot is minecraft:barrel
ok: guard_barracks, facing 1: storage slot has adjacent walkable interior air
ok: guard_barracks, facing 1: storage slot is minecraft:chest
ok: guard_barracks, facing 1: storage slot has adjacent walkable interior air
ok: guard_barracks, facing 1: workstation slot is minecraft:grindstone
ok: guard_barracks, facing 1: workstation slot has adjacent walkable interior air
ok: guard_barracks, facing 1: workstation slot is minecraft:smithing_table
ok: guard_barracks, facing 1: workstation slot has adjacent walkable interior air
ok: guard_barracks, facing 1: light slot is a lantern
ok: guard_barracks, facing 1: light slot is a lantern
ok: guard_barracks, facing 1: light slot is a lantern
ok: guard_barracks, facing 1: light slot is a lantern
ok: guard_barracks, facing 1: light slot is a lantern
ok: guard_barracks, facing 1: roof edge at -56,-37 is a stair
ok: guard_barracks, facing 1: roof edge at -56,-37 faces outward (south)
ok: guard_barracks, facing 1: roof edge at -56,-26 is a stair
ok: guard_barracks, facing 1: roof edge at -56,-26 faces outward (north)
ok: guard_barracks, facing 1: inhabited building includes future bed slots
ok: village_archive, facing 1: returns matching buildingId
ok: village_archive, facing 1: returns approved core bounds
ok: village_archive, facing 1: core bounds stay out of canonical road bands
ok: village_archive, facing 1: metadata preserves a two-block road link
ok: village_archive, facing 1: returns rooms and roof specs
ok: village_archive, facing 1: creates real blocks in the mock world
ok: village_archive, facing 1: all 4590 placed blocks stay inside approved core bounds (0 outside)
ok: village_archive, facing 1: local terrain preparation preserves neighbouring marker block
ok: village_archive, facing 1: entry lower half is a real wooden door
ok: village_archive, facing 1: entry upper half is a real wooden door
ok: village_archive, facing 1: internal entry path is at least two blocks wide (2)
ok: village_archive, facing 1: entry path has gravel at -7,54
ok: village_archive, facing 1: entry path has gravel at -7,55
ok: village_archive, facing 1: entry path has gravel at -6,54
ok: village_archive, facing 1: entry path has gravel at -6,55
ok: village_archive, facing 1: entry path has gravel at -5,54
ok: village_archive, facing 1: entry path has gravel at -5,55
ok: village_archive, facing 1: entry path has gravel at -4,54
ok: village_archive, facing 1: entry path has gravel at -4,55
ok: village_archive, facing 1: reserved approach to road axis is at least two blocks wide (2)
ok: village_archive, facing 1: external approach remains free for future road integration
ok: village_archive, facing 1: future npcAnchor is accessible air
ok: village_archive, facing 1: exposes at least one future storage slot
ok: village_archive, facing 1: exposes at least one workstation slot
ok: village_archive, facing 1: exposes night-light slots
ok: village_archive, facing 1: bed slot is a real bed
ok: village_archive, facing 1: bed slot has adjacent walkable interior air
ok: village_archive, facing 1: storage slot is minecraft:chest
ok: village_archive, facing 1: storage slot has adjacent walkable interior air
ok: village_archive, facing 1: workstation slot is minecraft:lectern
ok: village_archive, facing 1: workstation slot has adjacent walkable interior air
ok: village_archive, facing 1: workstation slot is minecraft:cartography_table
ok: village_archive, facing 1: workstation slot has adjacent walkable interior air
ok: village_archive, facing 1: light slot is a lantern
ok: village_archive, facing 1: light slot is a lantern
ok: village_archive, facing 1: light slot is a lantern
ok: village_archive, facing 1: roof edge at -11,50 is a stair
ok: village_archive, facing 1: roof edge at -11,50 faces outward (south)
ok: village_archive, facing 1: roof edge at -11,60 is a stair
ok: village_archive, facing 1: roof edge at -11,60 faces outward (north)
ok: village_archive, facing 1: inhabited building includes future bed slots
ok: market_square, facing 2: returns matching buildingId
ok: market_square, facing 2: returns approved core bounds
ok: market_square, facing 2: core bounds stay out of canonical road bands
ok: market_square, facing 2: metadata preserves a two-block road link
ok: market_square, facing 2: returns rooms and roof specs
ok: market_square, facing 2: creates real blocks in the mock world
ok: market_square, facing 2: all 3510 placed blocks stay inside approved core bounds (0 outside)
ok: market_square, facing 2: local terrain preparation preserves neighbouring marker block
ok: market_square, facing 2: entry lower half is a real wooden door
ok: market_square, facing 2: entry upper half is a real wooden door
ok: market_square, facing 2: internal entry path is at least two blocks wide (2)
ok: market_square, facing 2: entry path has gravel at -33,6
ok: market_square, facing 2: entry path has gravel at -33,7
ok: market_square, facing 2: entry path has gravel at -33,8
ok: market_square, facing 2: entry path has gravel at -33,9
ok: market_square, facing 2: entry path has gravel at -33,10
ok: market_square, facing 2: entry path has gravel at -33,11
ok: market_square, facing 2: entry path has gravel at -32,6
ok: market_square, facing 2: entry path has gravel at -32,7
ok: market_square, facing 2: entry path has gravel at -32,8
ok: market_square, facing 2: entry path has gravel at -32,9
ok: market_square, facing 2: entry path has gravel at -32,10
ok: market_square, facing 2: entry path has gravel at -32,11
ok: market_square, facing 2: reserved approach to road axis is at least two blocks wide (2)
ok: market_square, facing 2: external approach remains free for future road integration
ok: market_square, facing 2: future npcAnchor is accessible air
ok: market_square, facing 2: exposes at least one future storage slot
ok: market_square, facing 2: exposes at least one workstation slot
ok: market_square, facing 2: exposes night-light slots
ok: market_square, facing 2: storage slot is minecraft:barrel
ok: market_square, facing 2: storage slot has adjacent walkable interior air
ok: market_square, facing 2: workstation slot is minecraft:composter
ok: market_square, facing 2: workstation slot has adjacent walkable interior air
ok: market_square, facing 2: light slot is a lantern
ok: market_square, facing 2: light slot is a lantern
ok: market_square, facing 2: light slot is a lantern
ok: market_square, facing 2: light slot is a lantern
ok: market_square, facing 2: light slot is a lantern
ok: market_square, facing 2: roof edge at -40,7 is a stair
ok: market_square, facing 2: roof edge at -40,7 faces outward (west)
ok: market_square, facing 2: roof edge at -40,9 is a stair
ok: market_square, facing 2: roof edge at -40,9 faces outward (east)
ok: market_square, facing 2: roof edge at -36,7 is a stair
ok: market_square, facing 2: roof edge at -36,7 faces outward (west)
ok: market_square, facing 2: roof edge at -36,9 is a stair
ok: market_square, facing 2: roof edge at -36,9 faces outward (east)
ok: market_square, facing 2: roof edge at -32,7 is a stair
ok: market_square, facing 2: roof edge at -32,7 faces outward (west)
ok: market_square, facing 2: roof edge at -32,9 is a stair
ok: market_square, facing 2: roof edge at -32,9 faces outward (east)
ok: market_square, facing 2: roof edge at -40,17 is a stair
ok: market_square, facing 2: roof edge at -40,17 faces outward (west)
ok: market_square, facing 2: roof edge at -40,19 is a stair
ok: market_square, facing 2: roof edge at -40,19 faces outward (east)
ok: market_square, facing 2: roof edge at -36,17 is a stair
ok: market_square, facing 2: roof edge at -36,17 faces outward (west)
ok: market_square, facing 2: roof edge at -36,19 is a stair
ok: market_square, facing 2: roof edge at -36,19 faces outward (east)
ok: market_square, facing 2: roof edge at -32,17 is a stair
ok: market_square, facing 2: roof edge at -32,17 faces outward (west)
ok: market_square, facing 2: roof edge at -32,19 is a stair
ok: market_square, facing 2: roof edge at -32,19 faces outward (east)
ok: market_square, facing 2: roof edge at -32,11 is a stair
ok: market_square, facing 2: roof edge at -32,11 faces outward (west)
ok: market_square, facing 2: roof edge at -32,16 is a stair
ok: market_square, facing 2: roof edge at -32,16 faces outward (east)
ok: market_square, facing 2: market correctly has no residential bed slot
ok: granary_yard, facing 2: returns matching buildingId
ok: granary_yard, facing 2: returns approved core bounds
ok: granary_yard, facing 2: core bounds stay out of canonical road bands
ok: granary_yard, facing 2: metadata preserves a two-block road link
ok: granary_yard, facing 2: returns rooms and roof specs
ok: granary_yard, facing 2: creates real blocks in the mock world
ok: granary_yard, facing 2: all 9918 placed blocks stay inside approved core bounds (0 outside)
ok: granary_yard, facing 2: local terrain preparation preserves neighbouring marker block
ok: granary_yard, facing 2: entry lower half is a real wooden door
ok: granary_yard, facing 2: entry upper half is a real wooden door
ok: granary_yard, facing 2: internal entry path is at least two blocks wide (2)
ok: granary_yard, facing 2: entry path has gravel at 8,56
ok: granary_yard, facing 2: entry path has gravel at 8,57
ok: granary_yard, facing 2: entry path has gravel at 9,56
ok: granary_yard, facing 2: entry path has gravel at 9,57
ok: granary_yard, facing 2: entry path has gravel at 10,56
ok: granary_yard, facing 2: entry path has gravel at 10,57
ok: granary_yard, facing 2: entry path has gravel at 11,56
ok: granary_yard, facing 2: entry path has gravel at 11,57
ok: granary_yard, facing 2: entry path has gravel at 12,56
ok: granary_yard, facing 2: entry path has gravel at 12,57
ok: granary_yard, facing 2: reserved approach to road axis is at least two blocks wide (2)
ok: granary_yard, facing 2: external approach remains free for future road integration
ok: granary_yard, facing 2: future npcAnchor is accessible air
ok: granary_yard, facing 2: exposes at least one future storage slot
ok: granary_yard, facing 2: exposes at least one workstation slot
ok: granary_yard, facing 2: exposes night-light slots
ok: granary_yard, facing 2: bed slot is a real bed
ok: granary_yard, facing 2: bed slot has adjacent walkable interior air
ok: granary_yard, facing 2: storage slot is minecraft:barrel
ok: granary_yard, facing 2: storage slot has adjacent walkable interior air
ok: granary_yard, facing 2: storage slot is minecraft:chest
ok: granary_yard, facing 2: storage slot has adjacent walkable interior air
ok: granary_yard, facing 2: workstation slot is minecraft:composter
ok: granary_yard, facing 2: workstation slot has adjacent walkable interior air
ok: granary_yard, facing 2: light slot is a lantern
ok: granary_yard, facing 2: light slot is a lantern
ok: granary_yard, facing 2: light slot is a lantern
ok: granary_yard, facing 2: roof edge at 17,52 is a stair
ok: granary_yard, facing 2: roof edge at 17,52 faces outward (west)
ok: granary_yard, facing 2: roof edge at 17,62 is a stair
ok: granary_yard, facing 2: roof edge at 17,62 faces outward (east)
ok: granary_yard, facing 2: inhabited building includes future bed slots
ok: travellers_inn, facing 2: returns matching buildingId
ok: travellers_inn, facing 2: returns approved core bounds
ok: travellers_inn, facing 2: core bounds stay out of canonical road bands
ok: travellers_inn, facing 2: metadata preserves a two-block road link
ok: travellers_inn, facing 2: returns rooms and roof specs
ok: travellers_inn, facing 2: creates real blocks in the mock world
ok: travellers_inn, facing 2: all 12150 placed blocks stay inside approved core bounds (0 outside)
ok: travellers_inn, facing 2: local terrain preparation preserves neighbouring marker block
ok: travellers_inn, facing 2: entry lower half is a real wooden door
ok: travellers_inn, facing 2: entry upper half is a real wooden door
ok: travellers_inn, facing 2: internal entry path is at least two blocks wide (2)
ok: travellers_inn, facing 2: entry path has gravel at 50,-25
ok: travellers_inn, facing 2: entry path has gravel at 50,-24
ok: travellers_inn, facing 2: entry path has gravel at 50,-23
ok: travellers_inn, facing 2: entry path has gravel at 50,-22
ok: travellers_inn, facing 2: entry path has gravel at 50,-21
ok: travellers_inn, facing 2: entry path has gravel at 50,-20
ok: travellers_inn, facing 2: entry path has gravel at 50,-19
ok: travellers_inn, facing 2: entry path has gravel at 50,-18
ok: travellers_inn, facing 2: entry path has gravel at 51,-25
ok: travellers_inn, facing 2: entry path has gravel at 51,-24
ok: travellers_inn, facing 2: entry path has gravel at 51,-23
ok: travellers_inn, facing 2: entry path has gravel at 51,-22
ok: travellers_inn, facing 2: entry path has gravel at 51,-21
ok: travellers_inn, facing 2: entry path has gravel at 51,-20
ok: travellers_inn, facing 2: entry path has gravel at 51,-19
ok: travellers_inn, facing 2: entry path has gravel at 51,-18
ok: travellers_inn, facing 2: reserved approach to road axis is at least two blocks wide (2)
ok: travellers_inn, facing 2: external approach remains free for future road integration
ok: travellers_inn, facing 2: future npcAnchor is accessible air
ok: travellers_inn, facing 2: exposes at least one future storage slot
ok: travellers_inn, facing 2: exposes at least one workstation slot
ok: travellers_inn, facing 2: exposes night-light slots
ok: travellers_inn, facing 2: bed slot is a real bed
ok: travellers_inn, facing 2: bed slot has adjacent walkable interior air
ok: travellers_inn, facing 2: bed slot is a real bed
ok: travellers_inn, facing 2: bed slot has adjacent walkable interior air
ok: travellers_inn, facing 2: bed slot is a real bed
ok: travellers_inn, facing 2: bed slot has adjacent walkable interior air
ok: travellers_inn, facing 2: bed slot is a real bed
ok: travellers_inn, facing 2: bed slot has adjacent walkable interior air
ok: travellers_inn, facing 2: storage slot is minecraft:barrel
ok: travellers_inn, facing 2: storage slot has adjacent walkable interior air
ok: travellers_inn, facing 2: storage slot is minecraft:chest
ok: travellers_inn, facing 2: storage slot has adjacent walkable interior air
ok: travellers_inn, facing 2: workstation slot is minecraft:furnace
ok: travellers_inn, facing 2: workstation slot has adjacent walkable interior air
ok: travellers_inn, facing 2: light slot is a lantern
ok: travellers_inn, facing 2: light slot is a lantern
ok: travellers_inn, facing 2: light slot is a lantern
ok: travellers_inn, facing 2: light slot is a lantern
ok: travellers_inn, facing 2: light slot is a lantern
ok: travellers_inn, facing 2: roof edge at 51,-37 is a stair
ok: travellers_inn, facing 2: roof edge at 51,-37 faces outward (west)
ok: travellers_inn, facing 2: roof edge at 51,-25 is a stair
ok: travellers_inn, facing 2: roof edge at 51,-25 faces outward (east)
ok: travellers_inn, facing 2: roof edge at 62,-38 is a stair
ok: travellers_inn, facing 2: roof edge at 62,-38 faces outward (west)
ok: travellers_inn, facing 2: roof edge at 62,-35 is a stair
ok: travellers_inn, facing 2: roof edge at 62,-35 faces outward (east)
ok: travellers_inn, facing 2: inhabited building includes future bed slots
ok: guard_barracks, facing 2: returns matching buildingId
ok: guard_barracks, facing 2: returns approved core bounds
ok: guard_barracks, facing 2: core bounds stay out of canonical road bands
ok: guard_barracks, facing 2: metadata preserves a two-block road link
ok: guard_barracks, facing 2: returns rooms and roof specs
ok: guard_barracks, facing 2: creates real blocks in the mock world
ok: guard_barracks, facing 2: all 9522 placed blocks stay inside approved core bounds (0 outside)
ok: guard_barracks, facing 2: local terrain preparation preserves neighbouring marker block
ok: guard_barracks, facing 2: entry lower half is a real wooden door
ok: guard_barracks, facing 2: entry upper half is a real wooden door
ok: guard_barracks, facing 2: internal entry path is at least two blocks wide (2)
ok: guard_barracks, facing 2: entry path has gravel at -57,-26
ok: guard_barracks, facing 2: entry path has gravel at -57,-25
ok: guard_barracks, facing 2: entry path has gravel at -57,-24
ok: guard_barracks, facing 2: entry path has gravel at -57,-23
ok: guard_barracks, facing 2: entry path has gravel at -57,-22
ok: guard_barracks, facing 2: entry path has gravel at -57,-21
ok: guard_barracks, facing 2: entry path has gravel at -57,-20
ok: guard_barracks, facing 2: entry path has gravel at -57,-19
ok: guard_barracks, facing 2: entry path has gravel at -57,-18
ok: guard_barracks, facing 2: entry path has gravel at -56,-26
ok: guard_barracks, facing 2: entry path has gravel at -56,-25
ok: guard_barracks, facing 2: entry path has gravel at -56,-24
ok: guard_barracks, facing 2: entry path has gravel at -56,-23
ok: guard_barracks, facing 2: entry path has gravel at -56,-22
ok: guard_barracks, facing 2: entry path has gravel at -56,-21
ok: guard_barracks, facing 2: entry path has gravel at -56,-20
ok: guard_barracks, facing 2: entry path has gravel at -56,-19
ok: guard_barracks, facing 2: entry path has gravel at -56,-18
ok: guard_barracks, facing 2: reserved approach to road axis is at least two blocks wide (2)
ok: guard_barracks, facing 2: external approach remains free for future road integration
ok: guard_barracks, facing 2: future npcAnchor is accessible air
ok: guard_barracks, facing 2: exposes at least one future storage slot
ok: guard_barracks, facing 2: exposes at least one workstation slot
ok: guard_barracks, facing 2: exposes night-light slots
ok: guard_barracks, facing 2: bed slot is a real bed
ok: guard_barracks, facing 2: bed slot has adjacent walkable interior air
ok: guard_barracks, facing 2: bed slot is a real bed
ok: guard_barracks, facing 2: bed slot has adjacent walkable interior air
ok: guard_barracks, facing 2: bed slot is a real bed
ok: guard_barracks, facing 2: bed slot has adjacent walkable interior air
ok: guard_barracks, facing 2: bed slot is a real bed
ok: guard_barracks, facing 2: bed slot has adjacent walkable interior air
ok: guard_barracks, facing 2: storage slot is minecraft:barrel
ok: guard_barracks, facing 2: storage slot has adjacent walkable interior air
ok: guard_barracks, facing 2: storage slot is minecraft:chest
ok: guard_barracks, facing 2: storage slot has adjacent walkable interior air
ok: guard_barracks, facing 2: workstation slot is minecraft:grindstone
ok: guard_barracks, facing 2: workstation slot has adjacent walkable interior air
ok: guard_barracks, facing 2: workstation slot is minecraft:smithing_table
ok: guard_barracks, facing 2: workstation slot has adjacent walkable interior air
ok: guard_barracks, facing 2: light slot is a lantern
ok: guard_barracks, facing 2: light slot is a lantern
ok: guard_barracks, facing 2: light slot is a lantern
ok: guard_barracks, facing 2: light slot is a lantern
ok: guard_barracks, facing 2: light slot is a lantern
ok: guard_barracks, facing 2: roof edge at -56,-37 is a stair
ok: guard_barracks, facing 2: roof edge at -56,-37 faces outward (west)
ok: guard_barracks, facing 2: roof edge at -56,-26 is a stair
ok: guard_barracks, facing 2: roof edge at -56,-26 faces outward (east)
ok: guard_barracks, facing 2: inhabited building includes future bed slots
ok: village_archive, facing 2: returns matching buildingId
ok: village_archive, facing 2: returns approved core bounds
ok: village_archive, facing 2: core bounds stay out of canonical road bands
ok: village_archive, facing 2: metadata preserves a two-block road link
ok: village_archive, facing 2: returns rooms and roof specs
ok: village_archive, facing 2: creates real blocks in the mock world
ok: village_archive, facing 2: all 4590 placed blocks stay inside approved core bounds (0 outside)
ok: village_archive, facing 2: local terrain preparation preserves neighbouring marker block
ok: village_archive, facing 2: entry lower half is a real wooden door
ok: village_archive, facing 2: entry upper half is a real wooden door
ok: village_archive, facing 2: internal entry path is at least two blocks wide (2)
ok: village_archive, facing 2: entry path has gravel at -7,54
ok: village_archive, facing 2: entry path has gravel at -7,55
ok: village_archive, facing 2: entry path has gravel at -6,54
ok: village_archive, facing 2: entry path has gravel at -6,55
ok: village_archive, facing 2: entry path has gravel at -5,54
ok: village_archive, facing 2: entry path has gravel at -5,55
ok: village_archive, facing 2: entry path has gravel at -4,54
ok: village_archive, facing 2: entry path has gravel at -4,55
ok: village_archive, facing 2: reserved approach to road axis is at least two blocks wide (2)
ok: village_archive, facing 2: external approach remains free for future road integration
ok: village_archive, facing 2: future npcAnchor is accessible air
ok: village_archive, facing 2: exposes at least one future storage slot
ok: village_archive, facing 2: exposes at least one workstation slot
ok: village_archive, facing 2: exposes night-light slots
ok: village_archive, facing 2: bed slot is a real bed
ok: village_archive, facing 2: bed slot has adjacent walkable interior air
ok: village_archive, facing 2: storage slot is minecraft:chest
ok: village_archive, facing 2: storage slot has adjacent walkable interior air
ok: village_archive, facing 2: workstation slot is minecraft:lectern
ok: village_archive, facing 2: workstation slot has adjacent walkable interior air
ok: village_archive, facing 2: workstation slot is minecraft:cartography_table
ok: village_archive, facing 2: workstation slot has adjacent walkable interior air
ok: village_archive, facing 2: light slot is a lantern
ok: village_archive, facing 2: light slot is a lantern
ok: village_archive, facing 2: light slot is a lantern
ok: village_archive, facing 2: roof edge at -11,50 is a stair
ok: village_archive, facing 2: roof edge at -11,50 faces outward (west)
ok: village_archive, facing 2: roof edge at -11,60 is a stair
ok: village_archive, facing 2: roof edge at -11,60 faces outward (east)
ok: village_archive, facing 2: inhabited building includes future bed slots
ok: market_square, facing 3: returns matching buildingId
ok: market_square, facing 3: returns approved core bounds
ok: market_square, facing 3: core bounds stay out of canonical road bands
ok: market_square, facing 3: metadata preserves a two-block road link
ok: market_square, facing 3: returns rooms and roof specs
ok: market_square, facing 3: creates real blocks in the mock world
ok: market_square, facing 3: all 3510 placed blocks stay inside approved core bounds (0 outside)
ok: market_square, facing 3: local terrain preparation preserves neighbouring marker block
ok: market_square, facing 3: entry lower half is a real wooden door
ok: market_square, facing 3: entry upper half is a real wooden door
ok: market_square, facing 3: internal entry path is at least two blocks wide (2)
ok: market_square, facing 3: entry path has gravel at -33,6
ok: market_square, facing 3: entry path has gravel at -33,7
ok: market_square, facing 3: entry path has gravel at -33,8
ok: market_square, facing 3: entry path has gravel at -33,9
ok: market_square, facing 3: entry path has gravel at -33,10
ok: market_square, facing 3: entry path has gravel at -33,11
ok: market_square, facing 3: entry path has gravel at -32,6
ok: market_square, facing 3: entry path has gravel at -32,7
ok: market_square, facing 3: entry path has gravel at -32,8
ok: market_square, facing 3: entry path has gravel at -32,9
ok: market_square, facing 3: entry path has gravel at -32,10
ok: market_square, facing 3: entry path has gravel at -32,11
ok: market_square, facing 3: reserved approach to road axis is at least two blocks wide (2)
ok: market_square, facing 3: external approach remains free for future road integration
ok: market_square, facing 3: future npcAnchor is accessible air
ok: market_square, facing 3: exposes at least one future storage slot
ok: market_square, facing 3: exposes at least one workstation slot
ok: market_square, facing 3: exposes night-light slots
ok: market_square, facing 3: storage slot is minecraft:barrel
ok: market_square, facing 3: storage slot has adjacent walkable interior air
ok: market_square, facing 3: workstation slot is minecraft:composter
ok: market_square, facing 3: workstation slot has adjacent walkable interior air
ok: market_square, facing 3: light slot is a lantern
ok: market_square, facing 3: light slot is a lantern
ok: market_square, facing 3: light slot is a lantern
ok: market_square, facing 3: light slot is a lantern
ok: market_square, facing 3: light slot is a lantern
ok: market_square, facing 3: roof edge at -40,7 is a stair
ok: market_square, facing 3: roof edge at -40,7 faces outward (east)
ok: market_square, facing 3: roof edge at -40,9 is a stair
ok: market_square, facing 3: roof edge at -40,9 faces outward (west)
ok: market_square, facing 3: roof edge at -36,7 is a stair
ok: market_square, facing 3: roof edge at -36,7 faces outward (east)
ok: market_square, facing 3: roof edge at -36,9 is a stair
ok: market_square, facing 3: roof edge at -36,9 faces outward (west)
ok: market_square, facing 3: roof edge at -32,7 is a stair
ok: market_square, facing 3: roof edge at -32,7 faces outward (east)
ok: market_square, facing 3: roof edge at -32,9 is a stair
ok: market_square, facing 3: roof edge at -32,9 faces outward (west)
ok: market_square, facing 3: roof edge at -40,17 is a stair
ok: market_square, facing 3: roof edge at -40,17 faces outward (east)
ok: market_square, facing 3: roof edge at -40,19 is a stair
ok: market_square, facing 3: roof edge at -40,19 faces outward (west)
ok: market_square, facing 3: roof edge at -36,17 is a stair
ok: market_square, facing 3: roof edge at -36,17 faces outward (east)
ok: market_square, facing 3: roof edge at -36,19 is a stair
ok: market_square, facing 3: roof edge at -36,19 faces outward (west)
ok: market_square, facing 3: roof edge at -32,17 is a stair
ok: market_square, facing 3: roof edge at -32,17 faces outward (east)
ok: market_square, facing 3: roof edge at -32,19 is a stair
ok: market_square, facing 3: roof edge at -32,19 faces outward (west)
ok: market_square, facing 3: roof edge at -32,11 is a stair
ok: market_square, facing 3: roof edge at -32,11 faces outward (east)
ok: market_square, facing 3: roof edge at -32,16 is a stair
ok: market_square, facing 3: roof edge at -32,16 faces outward (west)
ok: market_square, facing 3: market correctly has no residential bed slot
ok: granary_yard, facing 3: returns matching buildingId
ok: granary_yard, facing 3: returns approved core bounds
ok: granary_yard, facing 3: core bounds stay out of canonical road bands
ok: granary_yard, facing 3: metadata preserves a two-block road link
ok: granary_yard, facing 3: returns rooms and roof specs
ok: granary_yard, facing 3: creates real blocks in the mock world
ok: granary_yard, facing 3: all 9918 placed blocks stay inside approved core bounds (0 outside)
ok: granary_yard, facing 3: local terrain preparation preserves neighbouring marker block
ok: granary_yard, facing 3: entry lower half is a real wooden door
ok: granary_yard, facing 3: entry upper half is a real wooden door
ok: granary_yard, facing 3: internal entry path is at least two blocks wide (2)
ok: granary_yard, facing 3: entry path has gravel at 8,56
ok: granary_yard, facing 3: entry path has gravel at 8,57
ok: granary_yard, facing 3: entry path has gravel at 9,56
ok: granary_yard, facing 3: entry path has gravel at 9,57
ok: granary_yard, facing 3: entry path has gravel at 10,56
ok: granary_yard, facing 3: entry path has gravel at 10,57
ok: granary_yard, facing 3: entry path has gravel at 11,56
ok: granary_yard, facing 3: entry path has gravel at 11,57
ok: granary_yard, facing 3: entry path has gravel at 12,56
ok: granary_yard, facing 3: entry path has gravel at 12,57
ok: granary_yard, facing 3: reserved approach to road axis is at least two blocks wide (2)
ok: granary_yard, facing 3: external approach remains free for future road integration
ok: granary_yard, facing 3: future npcAnchor is accessible air
ok: granary_yard, facing 3: exposes at least one future storage slot
ok: granary_yard, facing 3: exposes at least one workstation slot
ok: granary_yard, facing 3: exposes night-light slots
ok: granary_yard, facing 3: bed slot is a real bed
ok: granary_yard, facing 3: bed slot has adjacent walkable interior air
ok: granary_yard, facing 3: storage slot is minecraft:barrel
ok: granary_yard, facing 3: storage slot has adjacent walkable interior air
ok: granary_yard, facing 3: storage slot is minecraft:chest
ok: granary_yard, facing 3: storage slot has adjacent walkable interior air
ok: granary_yard, facing 3: workstation slot is minecraft:composter
ok: granary_yard, facing 3: workstation slot has adjacent walkable interior air
ok: granary_yard, facing 3: light slot is a lantern
ok: granary_yard, facing 3: light slot is a lantern
ok: granary_yard, facing 3: light slot is a lantern
ok: granary_yard, facing 3: roof edge at 17,52 is a stair
ok: granary_yard, facing 3: roof edge at 17,52 faces outward (east)
ok: granary_yard, facing 3: roof edge at 17,62 is a stair
ok: granary_yard, facing 3: roof edge at 17,62 faces outward (west)
ok: granary_yard, facing 3: inhabited building includes future bed slots
ok: travellers_inn, facing 3: returns matching buildingId
ok: travellers_inn, facing 3: returns approved core bounds
ok: travellers_inn, facing 3: core bounds stay out of canonical road bands
ok: travellers_inn, facing 3: metadata preserves a two-block road link
ok: travellers_inn, facing 3: returns rooms and roof specs
ok: travellers_inn, facing 3: creates real blocks in the mock world
ok: travellers_inn, facing 3: all 12150 placed blocks stay inside approved core bounds (0 outside)
ok: travellers_inn, facing 3: local terrain preparation preserves neighbouring marker block
ok: travellers_inn, facing 3: entry lower half is a real wooden door
ok: travellers_inn, facing 3: entry upper half is a real wooden door
ok: travellers_inn, facing 3: internal entry path is at least two blocks wide (2)
ok: travellers_inn, facing 3: entry path has gravel at 50,-25
ok: travellers_inn, facing 3: entry path has gravel at 50,-24
ok: travellers_inn, facing 3: entry path has gravel at 50,-23
ok: travellers_inn, facing 3: entry path has gravel at 50,-22
ok: travellers_inn, facing 3: entry path has gravel at 50,-21
ok: travellers_inn, facing 3: entry path has gravel at 50,-20
ok: travellers_inn, facing 3: entry path has gravel at 50,-19
ok: travellers_inn, facing 3: entry path has gravel at 50,-18
ok: travellers_inn, facing 3: entry path has gravel at 51,-25
ok: travellers_inn, facing 3: entry path has gravel at 51,-24
ok: travellers_inn, facing 3: entry path has gravel at 51,-23
ok: travellers_inn, facing 3: entry path has gravel at 51,-22
ok: travellers_inn, facing 3: entry path has gravel at 51,-21
ok: travellers_inn, facing 3: entry path has gravel at 51,-20
ok: travellers_inn, facing 3: entry path has gravel at 51,-19
ok: travellers_inn, facing 3: entry path has gravel at 51,-18
ok: travellers_inn, facing 3: reserved approach to road axis is at least two blocks wide (2)
ok: travellers_inn, facing 3: external approach remains free for future road integration
ok: travellers_inn, facing 3: future npcAnchor is accessible air
ok: travellers_inn, facing 3: exposes at least one future storage slot
ok: travellers_inn, facing 3: exposes at least one workstation slot
ok: travellers_inn, facing 3: exposes night-light slots
ok: travellers_inn, facing 3: bed slot is a real bed
ok: travellers_inn, facing 3: bed slot has adjacent walkable interior air
ok: travellers_inn, facing 3: bed slot is a real bed
ok: travellers_inn, facing 3: bed slot has adjacent walkable interior air
ok: travellers_inn, facing 3: bed slot is a real bed
ok: travellers_inn, facing 3: bed slot has adjacent walkable interior air
ok: travellers_inn, facing 3: bed slot is a real bed
ok: travellers_inn, facing 3: bed slot has adjacent walkable interior air
ok: travellers_inn, facing 3: storage slot is minecraft:barrel
ok: travellers_inn, facing 3: storage slot has adjacent walkable interior air
ok: travellers_inn, facing 3: storage slot is minecraft:chest
ok: travellers_inn, facing 3: storage slot has adjacent walkable interior air
ok: travellers_inn, facing 3: workstation slot is minecraft:furnace
ok: travellers_inn, facing 3: workstation slot has adjacent walkable interior air
ok: travellers_inn, facing 3: light slot is a lantern
ok: travellers_inn, facing 3: light slot is a lantern
ok: travellers_inn, facing 3: light slot is a lantern
ok: travellers_inn, facing 3: light slot is a lantern
ok: travellers_inn, facing 3: light slot is a lantern
ok: travellers_inn, facing 3: roof edge at 51,-37 is a stair
ok: travellers_inn, facing 3: roof edge at 51,-37 faces outward (east)
ok: travellers_inn, facing 3: roof edge at 51,-25 is a stair
ok: travellers_inn, facing 3: roof edge at 51,-25 faces outward (west)
ok: travellers_inn, facing 3: roof edge at 62,-38 is a stair
ok: travellers_inn, facing 3: roof edge at 62,-38 faces outward (east)
ok: travellers_inn, facing 3: roof edge at 62,-35 is a stair
ok: travellers_inn, facing 3: roof edge at 62,-35 faces outward (west)
ok: travellers_inn, facing 3: inhabited building includes future bed slots
ok: guard_barracks, facing 3: returns matching buildingId
ok: guard_barracks, facing 3: returns approved core bounds
ok: guard_barracks, facing 3: core bounds stay out of canonical road bands
ok: guard_barracks, facing 3: metadata preserves a two-block road link
ok: guard_barracks, facing 3: returns rooms and roof specs
ok: guard_barracks, facing 3: creates real blocks in the mock world
ok: guard_barracks, facing 3: all 9522 placed blocks stay inside approved core bounds (0 outside)
ok: guard_barracks, facing 3: local terrain preparation preserves neighbouring marker block
ok: guard_barracks, facing 3: entry lower half is a real wooden door
ok: guard_barracks, facing 3: entry upper half is a real wooden door
ok: guard_barracks, facing 3: internal entry path is at least two blocks wide (2)
ok: guard_barracks, facing 3: entry path has gravel at -57,-26
ok: guard_barracks, facing 3: entry path has gravel at -57,-25
ok: guard_barracks, facing 3: entry path has gravel at -57,-24
ok: guard_barracks, facing 3: entry path has gravel at -57,-23
ok: guard_barracks, facing 3: entry path has gravel at -57,-22
ok: guard_barracks, facing 3: entry path has gravel at -57,-21
ok: guard_barracks, facing 3: entry path has gravel at -57,-20
ok: guard_barracks, facing 3: entry path has gravel at -57,-19
ok: guard_barracks, facing 3: entry path has gravel at -57,-18
ok: guard_barracks, facing 3: entry path has gravel at -56,-26
ok: guard_barracks, facing 3: entry path has gravel at -56,-25
ok: guard_barracks, facing 3: entry path has gravel at -56,-24
ok: guard_barracks, facing 3: entry path has gravel at -56,-23
ok: guard_barracks, facing 3: entry path has gravel at -56,-22
ok: guard_barracks, facing 3: entry path has gravel at -56,-21
ok: guard_barracks, facing 3: entry path has gravel at -56,-20
ok: guard_barracks, facing 3: entry path has gravel at -56,-19
ok: guard_barracks, facing 3: entry path has gravel at -56,-18
ok: guard_barracks, facing 3: reserved approach to road axis is at least two blocks wide (2)
ok: guard_barracks, facing 3: external approach remains free for future road integration
ok: guard_barracks, facing 3: future npcAnchor is accessible air
ok: guard_barracks, facing 3: exposes at least one future storage slot
ok: guard_barracks, facing 3: exposes at least one workstation slot
ok: guard_barracks, facing 3: exposes night-light slots
ok: guard_barracks, facing 3: bed slot is a real bed
ok: guard_barracks, facing 3: bed slot has adjacent walkable interior air
ok: guard_barracks, facing 3: bed slot is a real bed
ok: guard_barracks, facing 3: bed slot has adjacent walkable interior air
ok: guard_barracks, facing 3: bed slot is a real bed
ok: guard_barracks, facing 3: bed slot has adjacent walkable interior air
ok: guard_barracks, facing 3: bed slot is a real bed
ok: guard_barracks, facing 3: bed slot has adjacent walkable interior air
ok: guard_barracks, facing 3: storage slot is minecraft:barrel
ok: guard_barracks, facing 3: storage slot has adjacent walkable interior air
ok: guard_barracks, facing 3: storage slot is minecraft:chest
ok: guard_barracks, facing 3: storage slot has adjacent walkable interior air
ok: guard_barracks, facing 3: workstation slot is minecraft:grindstone
ok: guard_barracks, facing 3: workstation slot has adjacent walkable interior air
ok: guard_barracks, facing 3: workstation slot is minecraft:smithing_table
ok: guard_barracks, facing 3: workstation slot has adjacent walkable interior air
ok: guard_barracks, facing 3: light slot is a lantern
ok: guard_barracks, facing 3: light slot is a lantern
ok: guard_barracks, facing 3: light slot is a lantern
ok: guard_barracks, facing 3: light slot is a lantern
ok: guard_barracks, facing 3: light slot is a lantern
ok: guard_barracks, facing 3: roof edge at -56,-37 is a stair
ok: guard_barracks, facing 3: roof edge at -56,-37 faces outward (east)
ok: guard_barracks, facing 3: roof edge at -56,-26 is a stair
ok: guard_barracks, facing 3: roof edge at -56,-26 faces outward (west)
ok: guard_barracks, facing 3: inhabited building includes future bed slots
ok: village_archive, facing 3: returns matching buildingId
ok: village_archive, facing 3: returns approved core bounds
ok: village_archive, facing 3: core bounds stay out of canonical road bands
ok: village_archive, facing 3: metadata preserves a two-block road link
ok: village_archive, facing 3: returns rooms and roof specs
ok: village_archive, facing 3: creates real blocks in the mock world
ok: village_archive, facing 3: all 4590 placed blocks stay inside approved core bounds (0 outside)
ok: village_archive, facing 3: local terrain preparation preserves neighbouring marker block
ok: village_archive, facing 3: entry lower half is a real wooden door
ok: village_archive, facing 3: entry upper half is a real wooden door
ok: village_archive, facing 3: internal entry path is at least two blocks wide (2)
ok: village_archive, facing 3: entry path has gravel at -7,54
ok: village_archive, facing 3: entry path has gravel at -7,55
ok: village_archive, facing 3: entry path has gravel at -6,54
ok: village_archive, facing 3: entry path has gravel at -6,55
ok: village_archive, facing 3: entry path has gravel at -5,54
ok: village_archive, facing 3: entry path has gravel at -5,55
ok: village_archive, facing 3: entry path has gravel at -4,54
ok: village_archive, facing 3: entry path has gravel at -4,55
ok: village_archive, facing 3: reserved approach to road axis is at least two blocks wide (2)
ok: village_archive, facing 3: external approach remains free for future road integration
ok: village_archive, facing 3: future npcAnchor is accessible air
ok: village_archive, facing 3: exposes at least one future storage slot
ok: village_archive, facing 3: exposes at least one workstation slot
ok: village_archive, facing 3: exposes night-light slots
ok: village_archive, facing 3: bed slot is a real bed
ok: village_archive, facing 3: bed slot has adjacent walkable interior air
ok: village_archive, facing 3: storage slot is minecraft:chest
ok: village_archive, facing 3: storage slot has adjacent walkable interior air
ok: village_archive, facing 3: workstation slot is minecraft:lectern
ok: village_archive, facing 3: workstation slot has adjacent walkable interior air
ok: village_archive, facing 3: workstation slot is minecraft:cartography_table
ok: village_archive, facing 3: workstation slot has adjacent walkable interior air
ok: village_archive, facing 3: light slot is a lantern
ok: village_archive, facing 3: light slot is a lantern
ok: village_archive, facing 3: light slot is a lantern
ok: village_archive, facing 3: roof edge at -11,50 is a stair
ok: village_archive, facing 3: roof edge at -11,50 faces outward (east)
ok: village_archive, facing 3: roof edge at -11,60 is a stair
ok: village_archive, facing 3: roof edge at -11,60 faces outward (west)
ok: village_archive, facing 3: inhabited building includes future bed slots
ok: city builders spawn no NPCs or entities before integration

ALL CITY 11–15 TESTS PASSED (1093 checks)
[SUITE] city_progression_11_15

=== layout version semantics ===
ok: newly founded village receives layoutVersion=2
ok: new village reads as v2
ok: layoutVersion stays stable on repeated read
ok: elder without layout key is safely treated as legacy v1
ok: legacy L10 receives neutral legacy_layout_max preflight
ok: legacy L11 is blocked without city runtime path
ok: legacy L11 block never removes town hall items
ok: legacy level remains L10 after blocked city attempt
[village] invalid layoutVersion; treating as legacy: mystery-layout
[village] invalid layoutVersion; treating as legacy: mystery-layout
[village] invalid layoutVersion; treating as legacy: mystery-layout
ok: unknown layoutVersion takes safe legacy fallback
[village] invalid layoutVersion; treating as legacy: mystery-layout
ok: invalid layout cannot construct a city building

=== v2 progression L1 through L15 ===
ok: v2 progresses successfully through L2
ok: v2 progresses successfully through L3
ok: v2 progresses successfully through L4
ok: v2 progresses successfully through L5
ok: v2 progresses successfully through L6
ok: v2 progresses successfully through L7
ok: v2 progresses successfully through L8
ok: v2 progresses successfully through L9
ok: v2 progresses successfully through L10
ok: v2 progresses successfully through L11
ok: L11 calls exactly its canonical market_square builder
ok: L11 commits build state 2 only after success
ok: L11 connector is a narrow two-block-plus approach outside central road bands
ok: L11 requirements are committed after city pipeline success
ok: L11 city building retains its approved SPATIAL_PLAN bounds
ok: v2 progresses successfully through L12
ok: L12 calls exactly its canonical granary_yard builder
ok: L12 commits build state 2 only after success
ok: L12 connector is a narrow two-block-plus approach outside central road bands
ok: L12 requirements are committed after city pipeline success
ok: L12 city building retains its approved SPATIAL_PLAN bounds
ok: v2 progresses successfully through L13
ok: L13 calls exactly its canonical travellers_inn builder
ok: L13 commits build state 2 only after success
ok: L13 connector is a narrow two-block-plus approach outside central road bands
ok: L13 requirements are committed after city pipeline success
ok: L13 city building retains its approved SPATIAL_PLAN bounds
ok: v2 progresses successfully through L14
ok: L14 calls exactly its canonical guard_barracks builder
ok: L14 commits build state 2 only after success
ok: L14 connector is a narrow two-block-plus approach outside central road bands
ok: L14 requirements are committed after city pipeline success
ok: L14 city building retains its approved SPATIAL_PLAN bounds
ok: v2 progresses successfully through L15
ok: L15 calls exactly its canonical village_archive builder
ok: L15 commits build state 2 only after success
ok: L15 connector is a narrow two-block-plus approach outside central road bands
ok: L15 requirements are committed after city pipeline success
ok: L15 city building retains its approved SPATIAL_PLAN bounds
ok: new v2 village reaches L15

=== idempotency and recoverable failure ===
ok: terminal L15 has no additional level build
ok: repeat action at terminal L15 creates no duplicate city blocks or connectors
ok: completed marker without level advance never re-runs builder
[village] city build pipeline failed: Error: injected city builder error
ok: builder error returns recoverable city failure
ok: failed city pipeline leaves level and town hall requirements unchanged
ok: failed city pipeline clears temporary build state for retry
ok: stale queued state recovers to retryable zero without a duplicate build

=== chapter hook and runtime ownership boundaries ===
ok: successful city path preserves the existing chapter update hook with the real level
ok: city runtime does not activate isolated defence stages
ok: connector never requests full-square terrain preparation

ALL CITY PROGRESSION 11–15 TESTS PASSED (60 checks)
[SUITE] crossroads

=== square crossroads ===
ok: forward arm is continuous (25/25)
ok: cross arm is continuous (49/49)
ok: central intersection remains walkable

=== square expanded wall ===
ok: perimeter is a larger square
ok: north gate has a clear ground passage
ok: north gate has clear headroom
ok: south gate has a clear ground passage
ok: south gate has clear headroom
ok: west gate has a clear ground passage
ok: west gate has clear headroom
ok: east gate has a clear ground passage
ok: east gate has clear headroom
ok: north-west corner keeps the original palisade style

ALL CROSSROADS TESTS PASSED
[SUITE] defences_roads

=== pure defence-road specification ===
ok: spatial schedule is exactly R44/R62/R78/R94
ok: defence module exposes exactly four scheduled stages
ok: L15 is castle expansion, not a fourth material tier
ok: scheduleForLevel preserves the approved L15 expansion semantics
ok: R44: has four canonical gates and four corner towers
ok: R44: gate specs cover all four edges
ok: R44: wall cells lie on the perimeter only
ok: R44: road union has expected 3-wide cross count (525)
ok: R44/east_gate: opening width is exactly five
ok: R44/east_gate: remains aligned to forward axis
ok: R44/east_gate: opening lies on its canonical wall side
ok: R44/west_gate: opening width is exactly five
ok: R44/west_gate: remains aligned to forward axis
ok: R44/west_gate: opening lies on its canonical wall side
ok: R44/south_gate: opening width is exactly five
ok: R44/south_gate: remains aligned to side axis
ok: R44/south_gate: opening lies on its canonical wall side
ok: R44/north_gate: opening width is exactly five
ok: R44/north_gate: remains aligned to side axis
ok: R44/north_gate: opening lies on its canonical wall side
ok: R44: active town_hall stays clear of wall cells
ok: R44: active campfire stays clear of wall cells
ok: R44: active starter_house stays clear of wall cells
ok: R44: active farmer_homestead stays clear of wall cells
ok: R44: active blacksmith_forge stays clear of wall cells
ok: R44: active cartographer_house stays clear of wall cells
ok: R44: active fortification_palisade stays clear of wall cells
ok: R62: has four canonical gates and four corner towers
ok: R62: gate specs cover all four edges
ok: R62: wall cells lie on the perimeter only
ok: R62: road union has expected 3-wide cross count (741)
ok: R62/east_gate: opening width is exactly five
ok: R62/east_gate: remains aligned to forward axis
ok: R62/east_gate: opening lies on its canonical wall side
ok: R62/west_gate: opening width is exactly five
ok: R62/west_gate: remains aligned to forward axis
ok: R62/west_gate: opening lies on its canonical wall side
ok: R62/south_gate: opening width is exactly five
ok: R62/south_gate: remains aligned to side axis
ok: R62/south_gate: opening lies on its canonical wall side
ok: R62/north_gate: opening width is exactly five
ok: R62/north_gate: remains aligned to side axis
ok: R62/north_gate: opening lies on its canonical wall side
ok: R62: active town_hall stays clear of wall cells
ok: R62: active campfire stays clear of wall cells
ok: R62: active starter_house stays clear of wall cells
ok: R62: active farmer_homestead stays clear of wall cells
ok: R62: active blacksmith_forge stays clear of wall cells
ok: R62: active cartographer_house stays clear of wall cells
ok: R62: active fortification_palisade stays clear of wall cells
ok: R62: active miner_house stays clear of wall cells
ok: R62: active resident_house stays clear of wall cells
ok: R62: active fortification_cobble stays clear of wall cells
ok: R78: has four canonical gates and four corner towers
ok: R78: gate specs cover all four edges
ok: R78: wall cells lie on the perimeter only
ok: R78: road union has expected 3-wide cross count (933)
ok: R78/east_gate: opening width is exactly five
ok: R78/east_gate: remains aligned to forward axis
ok: R78/east_gate: opening lies on its canonical wall side
ok: R78/west_gate: opening width is exactly five
ok: R78/west_gate: remains aligned to forward axis
ok: R78/west_gate: opening lies on its canonical wall side
ok: R78/south_gate: opening width is exactly five
ok: R78/south_gate: remains aligned to side axis
ok: R78/south_gate: opening lies on its canonical wall side
ok: R78/north_gate: opening width is exactly five
ok: R78/north_gate: remains aligned to side axis
ok: R78/north_gate: opening lies on its canonical wall side
ok: R78: active town_hall stays clear of wall cells
ok: R78: active campfire stays clear of wall cells
ok: R78: active starter_house stays clear of wall cells
ok: R78: active farmer_homestead stays clear of wall cells
ok: R78: active blacksmith_forge stays clear of wall cells
ok: R78: active cartographer_house stays clear of wall cells
ok: R78: active fortification_palisade stays clear of wall cells
ok: R78: active miner_house stays clear of wall cells
ok: R78: active resident_house stays clear of wall cells
ok: R78: active fortification_cobble stays clear of wall cells
ok: R78: active artisan_house stays clear of wall cells
ok: R78: active fortification_castle stays clear of wall cells
ok: R94: has four canonical gates and four corner towers
ok: R94: gate specs cover all four edges
ok: R94: wall cells lie on the perimeter only
ok: R94: road union has expected 3-wide cross count (1125)
ok: R94/east_gate: opening width is exactly five
ok: R94/east_gate: remains aligned to forward axis
ok: R94/east_gate: opening lies on its canonical wall side
ok: R94/west_gate: opening width is exactly five
ok: R94/west_gate: remains aligned to forward axis
ok: R94/west_gate: opening lies on its canonical wall side
ok: R94/south_gate: opening width is exactly five
ok: R94/south_gate: remains aligned to side axis
ok: R94/south_gate: opening lies on its canonical wall side
ok: R94/north_gate: opening width is exactly five
ok: R94/north_gate: remains aligned to side axis
ok: R94/north_gate: opening lies on its canonical wall side
ok: R94: active town_hall stays clear of wall cells
ok: R94: active campfire stays clear of wall cells
ok: R94: active starter_house stays clear of wall cells
ok: R94: active farmer_homestead stays clear of wall cells
ok: R94: active blacksmith_forge stays clear of wall cells
ok: R94: active cartographer_house stays clear of wall cells
ok: R94: active fortification_palisade stays clear of wall cells
ok: R94: active miner_house stays clear of wall cells
ok: R94: active resident_house stays clear of wall cells
ok: R94: active fortification_cobble stays clear of wall cells
ok: R94: active artisan_house stays clear of wall cells
ok: R94: active fortification_castle stays clear of wall cells
ok: R94: active market_square stays clear of wall cells
ok: R94: active granary_yard stays clear of wall cells
ok: R94: active travellers_inn stays clear of wall cells
ok: R94: active guard_barracks stays clear of wall cells
ok: R94: active village_archive stays clear of wall cells

=== isolated real construction across four facings ===
ok: L5/R44, facing 0: immutable metadata returns approved stage
ok: L5/R44, facing 0: returns all gate, tower and road metadata
ok: L5/R44, facing 0: terrain preparation is narrow (1225 cells, not full square)
ok: L5/R44, facing 0: preserves marker beside a city allocation
ok: L5/R44, facing 0: all 11025 changed blocks remain in narrow wall/tower/gate/road strips (0 outside)
ok: L5/R44, facing 0: does not place defence blocks in any active canonical building envelope
ok: L5/R44, facing 0: curtain uses correct palisade wall palette
ok: L5/R44, facing 0: palisade does not use castle palette
ok: L5/R44, facing 0/east_gate: 5-wide opening remains clear at 44,-2,0
ok: L5/R44, facing 0/east_gate: 5-wide opening remains clear at 44,-2,1
ok: L5/R44, facing 0/east_gate: 5-wide opening remains clear at 44,-2,2
ok: L5/R44, facing 0/east_gate: 5-wide opening remains clear at 44,-2,3
ok: L5/R44, facing 0/east_gate: 5-wide opening remains clear at 44,-1,0
ok: L5/R44, facing 0/east_gate: 5-wide opening remains clear at 44,-1,1
ok: L5/R44, facing 0/east_gate: 5-wide opening remains clear at 44,-1,2
ok: L5/R44, facing 0/east_gate: 5-wide opening remains clear at 44,-1,3
ok: L5/R44, facing 0/east_gate: 5-wide opening remains clear at 44,0,0
ok: L5/R44, facing 0/east_gate: 5-wide opening remains clear at 44,0,1
ok: L5/R44, facing 0/east_gate: 5-wide opening remains clear at 44,0,2
ok: L5/R44, facing 0/east_gate: 5-wide opening remains clear at 44,0,3
ok: L5/R44, facing 0/east_gate: 5-wide opening remains clear at 44,1,0
ok: L5/R44, facing 0/east_gate: 5-wide opening remains clear at 44,1,1
ok: L5/R44, facing 0/east_gate: 5-wide opening remains clear at 44,1,2
ok: L5/R44, facing 0/east_gate: 5-wide opening remains clear at 44,1,3
ok: L5/R44, facing 0/east_gate: 5-wide opening remains clear at 44,2,0
ok: L5/R44, facing 0/east_gate: 5-wide opening remains clear at 44,2,1
ok: L5/R44, facing 0/east_gate: 5-wide opening remains clear at 44,2,2
ok: L5/R44, facing 0/east_gate: 5-wide opening remains clear at 44,2,3
ok: L5/R44, facing 0/west_gate: 5-wide opening remains clear at -44,-2,0
ok: L5/R44, facing 0/west_gate: 5-wide opening remains clear at -44,-2,1
ok: L5/R44, facing 0/west_gate: 5-wide opening remains clear at -44,-2,2
ok: L5/R44, facing 0/west_gate: 5-wide opening remains clear at -44,-2,3
ok: L5/R44, facing 0/west_gate: 5-wide opening remains clear at -44,-1,0
ok: L5/R44, facing 0/west_gate: 5-wide opening remains clear at -44,-1,1
ok: L5/R44, facing 0/west_gate: 5-wide opening remains clear at -44,-1,2
ok: L5/R44, facing 0/west_gate: 5-wide opening remains clear at -44,-1,3
ok: L5/R44, facing 0/west_gate: 5-wide opening remains clear at -44,0,0
ok: L5/R44, facing 0/west_gate: 5-wide opening remains clear at -44,0,1
ok: L5/R44, facing 0/west_gate: 5-wide opening remains clear at -44,0,2
ok: L5/R44, facing 0/west_gate: 5-wide opening remains clear at -44,0,3
ok: L5/R44, facing 0/west_gate: 5-wide opening remains clear at -44,1,0
ok: L5/R44, facing 0/west_gate: 5-wide opening remains clear at -44,1,1
ok: L5/R44, facing 0/west_gate: 5-wide opening remains clear at -44,1,2
ok: L5/R44, facing 0/west_gate: 5-wide opening remains clear at -44,1,3
ok: L5/R44, facing 0/west_gate: 5-wide opening remains clear at -44,2,0
ok: L5/R44, facing 0/west_gate: 5-wide opening remains clear at -44,2,1
ok: L5/R44, facing 0/west_gate: 5-wide opening remains clear at -44,2,2
ok: L5/R44, facing 0/west_gate: 5-wide opening remains clear at -44,2,3
ok: L5/R44, facing 0/south_gate: 5-wide opening remains clear at -2,44,0
ok: L5/R44, facing 0/south_gate: 5-wide opening remains clear at -2,44,1
ok: L5/R44, facing 0/south_gate: 5-wide opening remains clear at -2,44,2
ok: L5/R44, facing 0/south_gate: 5-wide opening remains clear at -2,44,3
ok: L5/R44, facing 0/south_gate: 5-wide opening remains clear at -1,44,0
ok: L5/R44, facing 0/south_gate: 5-wide opening remains clear at -1,44,1
ok: L5/R44, facing 0/south_gate: 5-wide opening remains clear at -1,44,2
ok: L5/R44, facing 0/south_gate: 5-wide opening remains clear at -1,44,3
ok: L5/R44, facing 0/south_gate: 5-wide opening remains clear at 0,44,0
ok: L5/R44, facing 0/south_gate: 5-wide opening remains clear at 0,44,1
ok: L5/R44, facing 0/south_gate: 5-wide opening remains clear at 0,44,2
ok: L5/R44, facing 0/south_gate: 5-wide opening remains clear at 0,44,3
ok: L5/R44, facing 0/south_gate: 5-wide opening remains clear at 1,44,0
ok: L5/R44, facing 0/south_gate: 5-wide opening remains clear at 1,44,1
ok: L5/R44, facing 0/south_gate: 5-wide opening remains clear at 1,44,2
ok: L5/R44, facing 0/south_gate: 5-wide opening remains clear at 1,44,3
ok: L5/R44, facing 0/south_gate: 5-wide opening remains clear at 2,44,0
ok: L5/R44, facing 0/south_gate: 5-wide opening remains clear at 2,44,1
ok: L5/R44, facing 0/south_gate: 5-wide opening remains clear at 2,44,2
ok: L5/R44, facing 0/south_gate: 5-wide opening remains clear at 2,44,3
ok: L5/R44, facing 0/north_gate: 5-wide opening remains clear at -2,-44,0
ok: L5/R44, facing 0/north_gate: 5-wide opening remains clear at -2,-44,1
ok: L5/R44, facing 0/north_gate: 5-wide opening remains clear at -2,-44,2
ok: L5/R44, facing 0/north_gate: 5-wide opening remains clear at -2,-44,3
ok: L5/R44, facing 0/north_gate: 5-wide opening remains clear at -1,-44,0
ok: L5/R44, facing 0/north_gate: 5-wide opening remains clear at -1,-44,1
ok: L5/R44, facing 0/north_gate: 5-wide opening remains clear at -1,-44,2
ok: L5/R44, facing 0/north_gate: 5-wide opening remains clear at -1,-44,3
ok: L5/R44, facing 0/north_gate: 5-wide opening remains clear at 0,-44,0
ok: L5/R44, facing 0/north_gate: 5-wide opening remains clear at 0,-44,1
ok: L5/R44, facing 0/north_gate: 5-wide opening remains clear at 0,-44,2
ok: L5/R44, facing 0/north_gate: 5-wide opening remains clear at 0,-44,3
ok: L5/R44, facing 0/north_gate: 5-wide opening remains clear at 1,-44,0
ok: L5/R44, facing 0/north_gate: 5-wide opening remains clear at 1,-44,1
ok: L5/R44, facing 0/north_gate: 5-wide opening remains clear at 1,-44,2
ok: L5/R44, facing 0/north_gate: 5-wide opening remains clear at 1,-44,3
ok: L5/R44, facing 0/north_gate: 5-wide opening remains clear at 2,-44,0
ok: L5/R44, facing 0/north_gate: 5-wide opening remains clear at 2,-44,1
ok: L5/R44, facing 0/north_gate: 5-wide opening remains clear at 2,-44,2
ok: L5/R44, facing 0/north_gate: 5-wide opening remains clear at 2,-44,3
ok: L5/R44, facing 0: both three-wide road axes are continuous to every gate
ok: L8/R62, facing 0: immutable metadata returns approved stage
ok: L8/R62, facing 0: returns all gate, tower and road metadata
ok: L8/R62, facing 0: terrain preparation is narrow (1729 cells, not full square)
ok: L8/R62, facing 0: preserves marker beside a city allocation
ok: L8/R62, facing 0: all 19019 changed blocks remain in narrow wall/tower/gate/road strips (0 outside)
ok: L8/R62, facing 0: does not place defence blocks in any active canonical building envelope
ok: L8/R62, facing 0: curtain uses correct cobble wall palette
ok: L8/R62, facing 0: stone generation includes stone-brick defensive detail
ok: L8/R62, facing 0/east_gate: 5-wide opening remains clear at 62,-2,0
ok: L8/R62, facing 0/east_gate: 5-wide opening remains clear at 62,-2,1
ok: L8/R62, facing 0/east_gate: 5-wide opening remains clear at 62,-2,2
ok: L8/R62, facing 0/east_gate: 5-wide opening remains clear at 62,-2,3
ok: L8/R62, facing 0/east_gate: 5-wide opening remains clear at 62,-1,0
ok: L8/R62, facing 0/east_gate: 5-wide opening remains clear at 62,-1,1
ok: L8/R62, facing 0/east_gate: 5-wide opening remains clear at 62,-1,2
ok: L8/R62, facing 0/east_gate: 5-wide opening remains clear at 62,-1,3
ok: L8/R62, facing 0/east_gate: 5-wide opening remains clear at 62,0,0
ok: L8/R62, facing 0/east_gate: 5-wide opening remains clear at 62,0,1
ok: L8/R62, facing 0/east_gate: 5-wide opening remains clear at 62,0,2
ok: L8/R62, facing 0/east_gate: 5-wide opening remains clear at 62,0,3
ok: L8/R62, facing 0/east_gate: 5-wide opening remains clear at 62,1,0
ok: L8/R62, facing 0/east_gate: 5-wide opening remains clear at 62,1,1
ok: L8/R62, facing 0/east_gate: 5-wide opening remains clear at 62,1,2
ok: L8/R62, facing 0/east_gate: 5-wide opening remains clear at 62,1,3
ok: L8/R62, facing 0/east_gate: 5-wide opening remains clear at 62,2,0
ok: L8/R62, facing 0/east_gate: 5-wide opening remains clear at 62,2,1
ok: L8/R62, facing 0/east_gate: 5-wide opening remains clear at 62,2,2
ok: L8/R62, facing 0/east_gate: 5-wide opening remains clear at 62,2,3
ok: L8/R62, facing 0/west_gate: 5-wide opening remains clear at -62,-2,0
ok: L8/R62, facing 0/west_gate: 5-wide opening remains clear at -62,-2,1
ok: L8/R62, facing 0/west_gate: 5-wide opening remains clear at -62,-2,2
ok: L8/R62, facing 0/west_gate: 5-wide opening remains clear at -62,-2,3
ok: L8/R62, facing 0/west_gate: 5-wide opening remains clear at -62,-1,0
ok: L8/R62, facing 0/west_gate: 5-wide opening remains clear at -62,-1,1
ok: L8/R62, facing 0/west_gate: 5-wide opening remains clear at -62,-1,2
ok: L8/R62, facing 0/west_gate: 5-wide opening remains clear at -62,-1,3
ok: L8/R62, facing 0/west_gate: 5-wide opening remains clear at -62,0,0
ok: L8/R62, facing 0/west_gate: 5-wide opening remains clear at -62,0,1
ok: L8/R62, facing 0/west_gate: 5-wide opening remains clear at -62,0,2
ok: L8/R62, facing 0/west_gate: 5-wide opening remains clear at -62,0,3
ok: L8/R62, facing 0/west_gate: 5-wide opening remains clear at -62,1,0
ok: L8/R62, facing 0/west_gate: 5-wide opening remains clear at -62,1,1
ok: L8/R62, facing 0/west_gate: 5-wide opening remains clear at -62,1,2
ok: L8/R62, facing 0/west_gate: 5-wide opening remains clear at -62,1,3
ok: L8/R62, facing 0/west_gate: 5-wide opening remains clear at -62,2,0
ok: L8/R62, facing 0/west_gate: 5-wide opening remains clear at -62,2,1
ok: L8/R62, facing 0/west_gate: 5-wide opening remains clear at -62,2,2
ok: L8/R62, facing 0/west_gate: 5-wide opening remains clear at -62,2,3
ok: L8/R62, facing 0/south_gate: 5-wide opening remains clear at -2,62,0
ok: L8/R62, facing 0/south_gate: 5-wide opening remains clear at -2,62,1
ok: L8/R62, facing 0/south_gate: 5-wide opening remains clear at -2,62,2
ok: L8/R62, facing 0/south_gate: 5-wide opening remains clear at -2,62,3
ok: L8/R62, facing 0/south_gate: 5-wide opening remains clear at -1,62,0
ok: L8/R62, facing 0/south_gate: 5-wide opening remains clear at -1,62,1
ok: L8/R62, facing 0/south_gate: 5-wide opening remains clear at -1,62,2
ok: L8/R62, facing 0/south_gate: 5-wide opening remains clear at -1,62,3
ok: L8/R62, facing 0/south_gate: 5-wide opening remains clear at 0,62,0
ok: L8/R62, facing 0/south_gate: 5-wide opening remains clear at 0,62,1
ok: L8/R62, facing 0/south_gate: 5-wide opening remains clear at 0,62,2
ok: L8/R62, facing 0/south_gate: 5-wide opening remains clear at 0,62,3
ok: L8/R62, facing 0/south_gate: 5-wide opening remains clear at 1,62,0
ok: L8/R62, facing 0/south_gate: 5-wide opening remains clear at 1,62,1
ok: L8/R62, facing 0/south_gate: 5-wide opening remains clear at 1,62,2
ok: L8/R62, facing 0/south_gate: 5-wide opening remains clear at 1,62,3
ok: L8/R62, facing 0/south_gate: 5-wide opening remains clear at 2,62,0
ok: L8/R62, facing 0/south_gate: 5-wide opening remains clear at 2,62,1
ok: L8/R62, facing 0/south_gate: 5-wide opening remains clear at 2,62,2
ok: L8/R62, facing 0/south_gate: 5-wide opening remains clear at 2,62,3
ok: L8/R62, facing 0/north_gate: 5-wide opening remains clear at -2,-62,0
ok: L8/R62, facing 0/north_gate: 5-wide opening remains clear at -2,-62,1
ok: L8/R62, facing 0/north_gate: 5-wide opening remains clear at -2,-62,2
ok: L8/R62, facing 0/north_gate: 5-wide opening remains clear at -2,-62,3
ok: L8/R62, facing 0/north_gate: 5-wide opening remains clear at -1,-62,0
ok: L8/R62, facing 0/north_gate: 5-wide opening remains clear at -1,-62,1
ok: L8/R62, facing 0/north_gate: 5-wide opening remains clear at -1,-62,2
ok: L8/R62, facing 0/north_gate: 5-wide opening remains clear at -1,-62,3
ok: L8/R62, facing 0/north_gate: 5-wide opening remains clear at 0,-62,0
ok: L8/R62, facing 0/north_gate: 5-wide opening remains clear at 0,-62,1
ok: L8/R62, facing 0/north_gate: 5-wide opening remains clear at 0,-62,2
ok: L8/R62, facing 0/north_gate: 5-wide opening remains clear at 0,-62,3
ok: L8/R62, facing 0/north_gate: 5-wide opening remains clear at 1,-62,0
ok: L8/R62, facing 0/north_gate: 5-wide opening remains clear at 1,-62,1
ok: L8/R62, facing 0/north_gate: 5-wide opening remains clear at 1,-62,2
ok: L8/R62, facing 0/north_gate: 5-wide opening remains clear at 1,-62,3
ok: L8/R62, facing 0/north_gate: 5-wide opening remains clear at 2,-62,0
ok: L8/R62, facing 0/north_gate: 5-wide opening remains clear at 2,-62,1
ok: L8/R62, facing 0/north_gate: 5-wide opening remains clear at 2,-62,2
ok: L8/R62, facing 0/north_gate: 5-wide opening remains clear at 2,-62,3
ok: L8/R62, facing 0: both three-wide road axes are continuous to every gate
ok: L10/R78, facing 0: immutable metadata returns approved stage
ok: L10/R78, facing 0: returns all gate, tower and road metadata
ok: L10/R78, facing 0: terrain preparation is narrow (2177 cells, not full square)
ok: L10/R78, facing 0: preserves marker beside a city allocation
ok: L10/R78, facing 0: all 30478 changed blocks remain in narrow wall/tower/gate/road strips (0 outside)
ok: L10/R78, facing 0: does not place defence blocks in any active canonical building envelope
ok: L10/R78, facing 0: curtain uses correct castle wall palette
ok: L10/R78, facing 0: stone generation includes stone-brick defensive detail
ok: L10/R78, facing 0/east_gate: 5-wide opening remains clear at 78,-2,0
ok: L10/R78, facing 0/east_gate: 5-wide opening remains clear at 78,-2,1
ok: L10/R78, facing 0/east_gate: 5-wide opening remains clear at 78,-2,2
ok: L10/R78, facing 0/east_gate: 5-wide opening remains clear at 78,-2,3
ok: L10/R78, facing 0/east_gate: 5-wide opening remains clear at 78,-1,0
ok: L10/R78, facing 0/east_gate: 5-wide opening remains clear at 78,-1,1
ok: L10/R78, facing 0/east_gate: 5-wide opening remains clear at 78,-1,2
ok: L10/R78, facing 0/east_gate: 5-wide opening remains clear at 78,-1,3
ok: L10/R78, facing 0/east_gate: 5-wide opening remains clear at 78,0,0
ok: L10/R78, facing 0/east_gate: 5-wide opening remains clear at 78,0,1
ok: L10/R78, facing 0/east_gate: 5-wide opening remains clear at 78,0,2
ok: L10/R78, facing 0/east_gate: 5-wide opening remains clear at 78,0,3
ok: L10/R78, facing 0/east_gate: 5-wide opening remains clear at 78,1,0
ok: L10/R78, facing 0/east_gate: 5-wide opening remains clear at 78,1,1
ok: L10/R78, facing 0/east_gate: 5-wide opening remains clear at 78,1,2
ok: L10/R78, facing 0/east_gate: 5-wide opening remains clear at 78,1,3
ok: L10/R78, facing 0/east_gate: 5-wide opening remains clear at 78,2,0
ok: L10/R78, facing 0/east_gate: 5-wide opening remains clear at 78,2,1
ok: L10/R78, facing 0/east_gate: 5-wide opening remains clear at 78,2,2
ok: L10/R78, facing 0/east_gate: 5-wide opening remains clear at 78,2,3
ok: L10/R78, facing 0/west_gate: 5-wide opening remains clear at -78,-2,0
ok: L10/R78, facing 0/west_gate: 5-wide opening remains clear at -78,-2,1
ok: L10/R78, facing 0/west_gate: 5-wide opening remains clear at -78,-2,2
ok: L10/R78, facing 0/west_gate: 5-wide opening remains clear at -78,-2,3
ok: L10/R78, facing 0/west_gate: 5-wide opening remains clear at -78,-1,0
ok: L10/R78, facing 0/west_gate: 5-wide opening remains clear at -78,-1,1
ok: L10/R78, facing 0/west_gate: 5-wide opening remains clear at -78,-1,2
ok: L10/R78, facing 0/west_gate: 5-wide opening remains clear at -78,-1,3
ok: L10/R78, facing 0/west_gate: 5-wide opening remains clear at -78,0,0
ok: L10/R78, facing 0/west_gate: 5-wide opening remains clear at -78,0,1
ok: L10/R78, facing 0/west_gate: 5-wide opening remains clear at -78,0,2
ok: L10/R78, facing 0/west_gate: 5-wide opening remains clear at -78,0,3
ok: L10/R78, facing 0/west_gate: 5-wide opening remains clear at -78,1,0
ok: L10/R78, facing 0/west_gate: 5-wide opening remains clear at -78,1,1
ok: L10/R78, facing 0/west_gate: 5-wide opening remains clear at -78,1,2
ok: L10/R78, facing 0/west_gate: 5-wide opening remains clear at -78,1,3
ok: L10/R78, facing 0/west_gate: 5-wide opening remains clear at -78,2,0
ok: L10/R78, facing 0/west_gate: 5-wide opening remains clear at -78,2,1
ok: L10/R78, facing 0/west_gate: 5-wide opening remains clear at -78,2,2
ok: L10/R78, facing 0/west_gate: 5-wide opening remains clear at -78,2,3
ok: L10/R78, facing 0/south_gate: 5-wide opening remains clear at -2,78,0
ok: L10/R78, facing 0/south_gate: 5-wide opening remains clear at -2,78,1
ok: L10/R78, facing 0/south_gate: 5-wide opening remains clear at -2,78,2
ok: L10/R78, facing 0/south_gate: 5-wide opening remains clear at -2,78,3
ok: L10/R78, facing 0/south_gate: 5-wide opening remains clear at -1,78,0
ok: L10/R78, facing 0/south_gate: 5-wide opening remains clear at -1,78,1
ok: L10/R78, facing 0/south_gate: 5-wide opening remains clear at -1,78,2
ok: L10/R78, facing 0/south_gate: 5-wide opening remains clear at -1,78,3
ok: L10/R78, facing 0/south_gate: 5-wide opening remains clear at 0,78,0
ok: L10/R78, facing 0/south_gate: 5-wide opening remains clear at 0,78,1
ok: L10/R78, facing 0/south_gate: 5-wide opening remains clear at 0,78,2
ok: L10/R78, facing 0/south_gate: 5-wide opening remains clear at 0,78,3
ok: L10/R78, facing 0/south_gate: 5-wide opening remains clear at 1,78,0
ok: L10/R78, facing 0/south_gate: 5-wide opening remains clear at 1,78,1
ok: L10/R78, facing 0/south_gate: 5-wide opening remains clear at 1,78,2
ok: L10/R78, facing 0/south_gate: 5-wide opening remains clear at 1,78,3
ok: L10/R78, facing 0/south_gate: 5-wide opening remains clear at 2,78,0
ok: L10/R78, facing 0/south_gate: 5-wide opening remains clear at 2,78,1
ok: L10/R78, facing 0/south_gate: 5-wide opening remains clear at 2,78,2
ok: L10/R78, facing 0/south_gate: 5-wide opening remains clear at 2,78,3
ok: L10/R78, facing 0/north_gate: 5-wide opening remains clear at -2,-78,0
ok: L10/R78, facing 0/north_gate: 5-wide opening remains clear at -2,-78,1
ok: L10/R78, facing 0/north_gate: 5-wide opening remains clear at -2,-78,2
ok: L10/R78, facing 0/north_gate: 5-wide opening remains clear at -2,-78,3
ok: L10/R78, facing 0/north_gate: 5-wide opening remains clear at -1,-78,0
ok: L10/R78, facing 0/north_gate: 5-wide opening remains clear at -1,-78,1
ok: L10/R78, facing 0/north_gate: 5-wide opening remains clear at -1,-78,2
ok: L10/R78, facing 0/north_gate: 5-wide opening remains clear at -1,-78,3
ok: L10/R78, facing 0/north_gate: 5-wide opening remains clear at 0,-78,0
ok: L10/R78, facing 0/north_gate: 5-wide opening remains clear at 0,-78,1
ok: L10/R78, facing 0/north_gate: 5-wide opening remains clear at 0,-78,2
ok: L10/R78, facing 0/north_gate: 5-wide opening remains clear at 0,-78,3
ok: L10/R78, facing 0/north_gate: 5-wide opening remains clear at 1,-78,0
ok: L10/R78, facing 0/north_gate: 5-wide opening remains clear at 1,-78,1
ok: L10/R78, facing 0/north_gate: 5-wide opening remains clear at 1,-78,2
ok: L10/R78, facing 0/north_gate: 5-wide opening remains clear at 1,-78,3
ok: L10/R78, facing 0/north_gate: 5-wide opening remains clear at 2,-78,0
ok: L10/R78, facing 0/north_gate: 5-wide opening remains clear at 2,-78,1
ok: L10/R78, facing 0/north_gate: 5-wide opening remains clear at 2,-78,2
ok: L10/R78, facing 0/north_gate: 5-wide opening remains clear at 2,-78,3
ok: L10/R78, facing 0: both three-wide road axes are continuous to every gate
ok: L15/R94, facing 0: immutable metadata returns approved stage
ok: L15/R94, facing 0: returns all gate, tower and road metadata
ok: L15/R94, facing 0: terrain preparation is narrow (2625 cells, not full square)
ok: L15/R94, facing 0: preserves marker beside a city allocation
ok: L15/R94, facing 0: all 36750 changed blocks remain in narrow wall/tower/gate/road strips (0 outside)
ok: L15/R94, facing 0: does not place defence blocks in any active canonical building envelope
ok: L15/R94, facing 0: curtain uses correct castle_expand wall palette
ok: L15/R94, facing 0: stone generation includes stone-brick defensive detail
ok: L15/R94, facing 0/east_gate: 5-wide opening remains clear at 94,-2,0
ok: L15/R94, facing 0/east_gate: 5-wide opening remains clear at 94,-2,1
ok: L15/R94, facing 0/east_gate: 5-wide opening remains clear at 94,-2,2
ok: L15/R94, facing 0/east_gate: 5-wide opening remains clear at 94,-2,3
ok: L15/R94, facing 0/east_gate: 5-wide opening remains clear at 94,-1,0
ok: L15/R94, facing 0/east_gate: 5-wide opening remains clear at 94,-1,1
ok: L15/R94, facing 0/east_gate: 5-wide opening remains clear at 94,-1,2
ok: L15/R94, facing 0/east_gate: 5-wide opening remains clear at 94,-1,3
ok: L15/R94, facing 0/east_gate: 5-wide opening remains clear at 94,0,0
ok: L15/R94, facing 0/east_gate: 5-wide opening remains clear at 94,0,1
ok: L15/R94, facing 0/east_gate: 5-wide opening remains clear at 94,0,2
ok: L15/R94, facing 0/east_gate: 5-wide opening remains clear at 94,0,3
ok: L15/R94, facing 0/east_gate: 5-wide opening remains clear at 94,1,0
ok: L15/R94, facing 0/east_gate: 5-wide opening remains clear at 94,1,1
ok: L15/R94, facing 0/east_gate: 5-wide opening remains clear at 94,1,2
ok: L15/R94, facing 0/east_gate: 5-wide opening remains clear at 94,1,3
ok: L15/R94, facing 0/east_gate: 5-wide opening remains clear at 94,2,0
ok: L15/R94, facing 0/east_gate: 5-wide opening remains clear at 94,2,1
ok: L15/R94, facing 0/east_gate: 5-wide opening remains clear at 94,2,2
ok: L15/R94, facing 0/east_gate: 5-wide opening remains clear at 94,2,3
ok: L15/R94, facing 0/west_gate: 5-wide opening remains clear at -94,-2,0
ok: L15/R94, facing 0/west_gate: 5-wide opening remains clear at -94,-2,1
ok: L15/R94, facing 0/west_gate: 5-wide opening remains clear at -94,-2,2
ok: L15/R94, facing 0/west_gate: 5-wide opening remains clear at -94,-2,3
ok: L15/R94, facing 0/west_gate: 5-wide opening remains clear at -94,-1,0
ok: L15/R94, facing 0/west_gate: 5-wide opening remains clear at -94,-1,1
ok: L15/R94, facing 0/west_gate: 5-wide opening remains clear at -94,-1,2
ok: L15/R94, facing 0/west_gate: 5-wide opening remains clear at -94,-1,3
ok: L15/R94, facing 0/west_gate: 5-wide opening remains clear at -94,0,0
ok: L15/R94, facing 0/west_gate: 5-wide opening remains clear at -94,0,1
ok: L15/R94, facing 0/west_gate: 5-wide opening remains clear at -94,0,2
ok: L15/R94, facing 0/west_gate: 5-wide opening remains clear at -94,0,3
ok: L15/R94, facing 0/west_gate: 5-wide opening remains clear at -94,1,0
ok: L15/R94, facing 0/west_gate: 5-wide opening remains clear at -94,1,1
ok: L15/R94, facing 0/west_gate: 5-wide opening remains clear at -94,1,2
ok: L15/R94, facing 0/west_gate: 5-wide opening remains clear at -94,1,3
ok: L15/R94, facing 0/west_gate: 5-wide opening remains clear at -94,2,0
ok: L15/R94, facing 0/west_gate: 5-wide opening remains clear at -94,2,1
ok: L15/R94, facing 0/west_gate: 5-wide opening remains clear at -94,2,2
ok: L15/R94, facing 0/west_gate: 5-wide opening remains clear at -94,2,3
ok: L15/R94, facing 0/south_gate: 5-wide opening remains clear at -2,94,0
ok: L15/R94, facing 0/south_gate: 5-wide opening remains clear at -2,94,1
ok: L15/R94, facing 0/south_gate: 5-wide opening remains clear at -2,94,2
ok: L15/R94, facing 0/south_gate: 5-wide opening remains clear at -2,94,3
ok: L15/R94, facing 0/south_gate: 5-wide opening remains clear at -1,94,0
ok: L15/R94, facing 0/south_gate: 5-wide opening remains clear at -1,94,1
ok: L15/R94, facing 0/south_gate: 5-wide opening remains clear at -1,94,2
ok: L15/R94, facing 0/south_gate: 5-wide opening remains clear at -1,94,3
ok: L15/R94, facing 0/south_gate: 5-wide opening remains clear at 0,94,0
ok: L15/R94, facing 0/south_gate: 5-wide opening remains clear at 0,94,1
ok: L15/R94, facing 0/south_gate: 5-wide opening remains clear at 0,94,2
ok: L15/R94, facing 0/south_gate: 5-wide opening remains clear at 0,94,3
ok: L15/R94, facing 0/south_gate: 5-wide opening remains clear at 1,94,0
ok: L15/R94, facing 0/south_gate: 5-wide opening remains clear at 1,94,1
ok: L15/R94, facing 0/south_gate: 5-wide opening remains clear at 1,94,2
ok: L15/R94, facing 0/south_gate: 5-wide opening remains clear at 1,94,3
ok: L15/R94, facing 0/south_gate: 5-wide opening remains clear at 2,94,0
ok: L15/R94, facing 0/south_gate: 5-wide opening remains clear at 2,94,1
ok: L15/R94, facing 0/south_gate: 5-wide opening remains clear at 2,94,2
ok: L15/R94, facing 0/south_gate: 5-wide opening remains clear at 2,94,3
ok: L15/R94, facing 0/north_gate: 5-wide opening remains clear at -2,-94,0
ok: L15/R94, facing 0/north_gate: 5-wide opening remains clear at -2,-94,1
ok: L15/R94, facing 0/north_gate: 5-wide opening remains clear at -2,-94,2
ok: L15/R94, facing 0/north_gate: 5-wide opening remains clear at -2,-94,3
ok: L15/R94, facing 0/north_gate: 5-wide opening remains clear at -1,-94,0
ok: L15/R94, facing 0/north_gate: 5-wide opening remains clear at -1,-94,1
ok: L15/R94, facing 0/north_gate: 5-wide opening remains clear at -1,-94,2
ok: L15/R94, facing 0/north_gate: 5-wide opening remains clear at -1,-94,3
ok: L15/R94, facing 0/north_gate: 5-wide opening remains clear at 0,-94,0
ok: L15/R94, facing 0/north_gate: 5-wide opening remains clear at 0,-94,1
ok: L15/R94, facing 0/north_gate: 5-wide opening remains clear at 0,-94,2
ok: L15/R94, facing 0/north_gate: 5-wide opening remains clear at 0,-94,3
ok: L15/R94, facing 0/north_gate: 5-wide opening remains clear at 1,-94,0
ok: L15/R94, facing 0/north_gate: 5-wide opening remains clear at 1,-94,1
ok: L15/R94, facing 0/north_gate: 5-wide opening remains clear at 1,-94,2
ok: L15/R94, facing 0/north_gate: 5-wide opening remains clear at 1,-94,3
ok: L15/R94, facing 0/north_gate: 5-wide opening remains clear at 2,-94,0
ok: L15/R94, facing 0/north_gate: 5-wide opening remains clear at 2,-94,1
ok: L15/R94, facing 0/north_gate: 5-wide opening remains clear at 2,-94,2
ok: L15/R94, facing 0/north_gate: 5-wide opening remains clear at 2,-94,3
ok: L15/R94, facing 0: both three-wide road axes are continuous to every gate
ok: L5/R44, facing 1: immutable metadata returns approved stage
ok: L5/R44, facing 1: returns all gate, tower and road metadata
ok: L5/R44, facing 1: terrain preparation is narrow (1225 cells, not full square)
ok: L5/R44, facing 1: preserves marker beside a city allocation
ok: L5/R44, facing 1: all 11025 changed blocks remain in narrow wall/tower/gate/road strips (0 outside)
ok: L5/R44, facing 1: does not place defence blocks in any active canonical building envelope
ok: L5/R44, facing 1: curtain uses correct palisade wall palette
ok: L5/R44, facing 1: palisade does not use castle palette
ok: L5/R44, facing 1/east_gate: 5-wide opening remains clear at 44,-2,0
ok: L5/R44, facing 1/east_gate: 5-wide opening remains clear at 44,-2,1
ok: L5/R44, facing 1/east_gate: 5-wide opening remains clear at 44,-2,2
ok: L5/R44, facing 1/east_gate: 5-wide opening remains clear at 44,-2,3
ok: L5/R44, facing 1/east_gate: 5-wide opening remains clear at 44,-1,0
ok: L5/R44, facing 1/east_gate: 5-wide opening remains clear at 44,-1,1
ok: L5/R44, facing 1/east_gate: 5-wide opening remains clear at 44,-1,2
ok: L5/R44, facing 1/east_gate: 5-wide opening remains clear at 44,-1,3
ok: L5/R44, facing 1/east_gate: 5-wide opening remains clear at 44,0,0
ok: L5/R44, facing 1/east_gate: 5-wide opening remains clear at 44,0,1
ok: L5/R44, facing 1/east_gate: 5-wide opening remains clear at 44,0,2
ok: L5/R44, facing 1/east_gate: 5-wide opening remains clear at 44,0,3
ok: L5/R44, facing 1/east_gate: 5-wide opening remains clear at 44,1,0
ok: L5/R44, facing 1/east_gate: 5-wide opening remains clear at 44,1,1
ok: L5/R44, facing 1/east_gate: 5-wide opening remains clear at 44,1,2
ok: L5/R44, facing 1/east_gate: 5-wide opening remains clear at 44,1,3
ok: L5/R44, facing 1/east_gate: 5-wide opening remains clear at 44,2,0
ok: L5/R44, facing 1/east_gate: 5-wide opening remains clear at 44,2,1
ok: L5/R44, facing 1/east_gate: 5-wide opening remains clear at 44,2,2
ok: L5/R44, facing 1/east_gate: 5-wide opening remains clear at 44,2,3
ok: L5/R44, facing 1/west_gate: 5-wide opening remains clear at -44,-2,0
ok: L5/R44, facing 1/west_gate: 5-wide opening remains clear at -44,-2,1
ok: L5/R44, facing 1/west_gate: 5-wide opening remains clear at -44,-2,2
ok: L5/R44, facing 1/west_gate: 5-wide opening remains clear at -44,-2,3
ok: L5/R44, facing 1/west_gate: 5-wide opening remains clear at -44,-1,0
ok: L5/R44, facing 1/west_gate: 5-wide opening remains clear at -44,-1,1
ok: L5/R44, facing 1/west_gate: 5-wide opening remains clear at -44,-1,2
ok: L5/R44, facing 1/west_gate: 5-wide opening remains clear at -44,-1,3
ok: L5/R44, facing 1/west_gate: 5-wide opening remains clear at -44,0,0
ok: L5/R44, facing 1/west_gate: 5-wide opening remains clear at -44,0,1
ok: L5/R44, facing 1/west_gate: 5-wide opening remains clear at -44,0,2
ok: L5/R44, facing 1/west_gate: 5-wide opening remains clear at -44,0,3
ok: L5/R44, facing 1/west_gate: 5-wide opening remains clear at -44,1,0
ok: L5/R44, facing 1/west_gate: 5-wide opening remains clear at -44,1,1
ok: L5/R44, facing 1/west_gate: 5-wide opening remains clear at -44,1,2
ok: L5/R44, facing 1/west_gate: 5-wide opening remains clear at -44,1,3
ok: L5/R44, facing 1/west_gate: 5-wide opening remains clear at -44,2,0
ok: L5/R44, facing 1/west_gate: 5-wide opening remains clear at -44,2,1
ok: L5/R44, facing 1/west_gate: 5-wide opening remains clear at -44,2,2
ok: L5/R44, facing 1/west_gate: 5-wide opening remains clear at -44,2,3
ok: L5/R44, facing 1/south_gate: 5-wide opening remains clear at -2,44,0
ok: L5/R44, facing 1/south_gate: 5-wide opening remains clear at -2,44,1
ok: L5/R44, facing 1/south_gate: 5-wide opening remains clear at -2,44,2
ok: L5/R44, facing 1/south_gate: 5-wide opening remains clear at -2,44,3
ok: L5/R44, facing 1/south_gate: 5-wide opening remains clear at -1,44,0
ok: L5/R44, facing 1/south_gate: 5-wide opening remains clear at -1,44,1
ok: L5/R44, facing 1/south_gate: 5-wide opening remains clear at -1,44,2
ok: L5/R44, facing 1/south_gate: 5-wide opening remains clear at -1,44,3
ok: L5/R44, facing 1/south_gate: 5-wide opening remains clear at 0,44,0
ok: L5/R44, facing 1/south_gate: 5-wide opening remains clear at 0,44,1
ok: L5/R44, facing 1/south_gate: 5-wide opening remains clear at 0,44,2
ok: L5/R44, facing 1/south_gate: 5-wide opening remains clear at 0,44,3
ok: L5/R44, facing 1/south_gate: 5-wide opening remains clear at 1,44,0
ok: L5/R44, facing 1/south_gate: 5-wide opening remains clear at 1,44,1
ok: L5/R44, facing 1/south_gate: 5-wide opening remains clear at 1,44,2
ok: L5/R44, facing 1/south_gate: 5-wide opening remains clear at 1,44,3
ok: L5/R44, facing 1/south_gate: 5-wide opening remains clear at 2,44,0
ok: L5/R44, facing 1/south_gate: 5-wide opening remains clear at 2,44,1
ok: L5/R44, facing 1/south_gate: 5-wide opening remains clear at 2,44,2
ok: L5/R44, facing 1/south_gate: 5-wide opening remains clear at 2,44,3
ok: L5/R44, facing 1/north_gate: 5-wide opening remains clear at -2,-44,0
ok: L5/R44, facing 1/north_gate: 5-wide opening remains clear at -2,-44,1
ok: L5/R44, facing 1/north_gate: 5-wide opening remains clear at -2,-44,2
ok: L5/R44, facing 1/north_gate: 5-wide opening remains clear at -2,-44,3
ok: L5/R44, facing 1/north_gate: 5-wide opening remains clear at -1,-44,0
ok: L5/R44, facing 1/north_gate: 5-wide opening remains clear at -1,-44,1
ok: L5/R44, facing 1/north_gate: 5-wide opening remains clear at -1,-44,2
ok: L5/R44, facing 1/north_gate: 5-wide opening remains clear at -1,-44,3
ok: L5/R44, facing 1/north_gate: 5-wide opening remains clear at 0,-44,0
ok: L5/R44, facing 1/north_gate: 5-wide opening remains clear at 0,-44,1
ok: L5/R44, facing 1/north_gate: 5-wide opening remains clear at 0,-44,2
ok: L5/R44, facing 1/north_gate: 5-wide opening remains clear at 0,-44,3
ok: L5/R44, facing 1/north_gate: 5-wide opening remains clear at 1,-44,0
ok: L5/R44, facing 1/north_gate: 5-wide opening remains clear at 1,-44,1
ok: L5/R44, facing 1/north_gate: 5-wide opening remains clear at 1,-44,2
ok: L5/R44, facing 1/north_gate: 5-wide opening remains clear at 1,-44,3
ok: L5/R44, facing 1/north_gate: 5-wide opening remains clear at 2,-44,0
ok: L5/R44, facing 1/north_gate: 5-wide opening remains clear at 2,-44,1
ok: L5/R44, facing 1/north_gate: 5-wide opening remains clear at 2,-44,2
ok: L5/R44, facing 1/north_gate: 5-wide opening remains clear at 2,-44,3
ok: L5/R44, facing 1: both three-wide road axes are continuous to every gate
ok: L5/R44, facing 1: rotated construction is locally equivalent to facing 0
ok: L8/R62, facing 1: immutable metadata returns approved stage
ok: L8/R62, facing 1: returns all gate, tower and road metadata
ok: L8/R62, facing 1: terrain preparation is narrow (1729 cells, not full square)
ok: L8/R62, facing 1: preserves marker beside a city allocation
ok: L8/R62, facing 1: all 19019 changed blocks remain in narrow wall/tower/gate/road strips (0 outside)
ok: L8/R62, facing 1: does not place defence blocks in any active canonical building envelope
ok: L8/R62, facing 1: curtain uses correct cobble wall palette
ok: L8/R62, facing 1: stone generation includes stone-brick defensive detail
ok: L8/R62, facing 1/east_gate: 5-wide opening remains clear at 62,-2,0
ok: L8/R62, facing 1/east_gate: 5-wide opening remains clear at 62,-2,1
ok: L8/R62, facing 1/east_gate: 5-wide opening remains clear at 62,-2,2
ok: L8/R62, facing 1/east_gate: 5-wide opening remains clear at 62,-2,3
ok: L8/R62, facing 1/east_gate: 5-wide opening remains clear at 62,-1,0
ok: L8/R62, facing 1/east_gate: 5-wide opening remains clear at 62,-1,1
ok: L8/R62, facing 1/east_gate: 5-wide opening remains clear at 62,-1,2
ok: L8/R62, facing 1/east_gate: 5-wide opening remains clear at 62,-1,3
ok: L8/R62, facing 1/east_gate: 5-wide opening remains clear at 62,0,0
ok: L8/R62, facing 1/east_gate: 5-wide opening remains clear at 62,0,1
ok: L8/R62, facing 1/east_gate: 5-wide opening remains clear at 62,0,2
ok: L8/R62, facing 1/east_gate: 5-wide opening remains clear at 62,0,3
ok: L8/R62, facing 1/east_gate: 5-wide opening remains clear at 62,1,0
ok: L8/R62, facing 1/east_gate: 5-wide opening remains clear at 62,1,1
ok: L8/R62, facing 1/east_gate: 5-wide opening remains clear at 62,1,2
ok: L8/R62, facing 1/east_gate: 5-wide opening remains clear at 62,1,3
ok: L8/R62, facing 1/east_gate: 5-wide opening remains clear at 62,2,0
ok: L8/R62, facing 1/east_gate: 5-wide opening remains clear at 62,2,1
ok: L8/R62, facing 1/east_gate: 5-wide opening remains clear at 62,2,2
ok: L8/R62, facing 1/east_gate: 5-wide opening remains clear at 62,2,3
ok: L8/R62, facing 1/west_gate: 5-wide opening remains clear at -62,-2,0
ok: L8/R62, facing 1/west_gate: 5-wide opening remains clear at -62,-2,1
ok: L8/R62, facing 1/west_gate: 5-wide opening remains clear at -62,-2,2
ok: L8/R62, facing 1/west_gate: 5-wide opening remains clear at -62,-2,3
ok: L8/R62, facing 1/west_gate: 5-wide opening remains clear at -62,-1,0
ok: L8/R62, facing 1/west_gate: 5-wide opening remains clear at -62,-1,1
ok: L8/R62, facing 1/west_gate: 5-wide opening remains clear at -62,-1,2
ok: L8/R62, facing 1/west_gate: 5-wide opening remains clear at -62,-1,3
ok: L8/R62, facing 1/west_gate: 5-wide opening remains clear at -62,0,0
ok: L8/R62, facing 1/west_gate: 5-wide opening remains clear at -62,0,1
ok: L8/R62, facing 1/west_gate: 5-wide opening remains clear at -62,0,2
ok: L8/R62, facing 1/west_gate: 5-wide opening remains clear at -62,0,3
ok: L8/R62, facing 1/west_gate: 5-wide opening remains clear at -62,1,0
ok: L8/R62, facing 1/west_gate: 5-wide opening remains clear at -62,1,1
ok: L8/R62, facing 1/west_gate: 5-wide opening remains clear at -62,1,2
ok: L8/R62, facing 1/west_gate: 5-wide opening remains clear at -62,1,3
ok: L8/R62, facing 1/west_gate: 5-wide opening remains clear at -62,2,0
ok: L8/R62, facing 1/west_gate: 5-wide opening remains clear at -62,2,1
ok: L8/R62, facing 1/west_gate: 5-wide opening remains clear at -62,2,2
ok: L8/R62, facing 1/west_gate: 5-wide opening remains clear at -62,2,3
ok: L8/R62, facing 1/south_gate: 5-wide opening remains clear at -2,62,0
ok: L8/R62, facing 1/south_gate: 5-wide opening remains clear at -2,62,1
ok: L8/R62, facing 1/south_gate: 5-wide opening remains clear at -2,62,2
ok: L8/R62, facing 1/south_gate: 5-wide opening remains clear at -2,62,3
ok: L8/R62, facing 1/south_gate: 5-wide opening remains clear at -1,62,0
ok: L8/R62, facing 1/south_gate: 5-wide opening remains clear at -1,62,1
ok: L8/R62, facing 1/south_gate: 5-wide opening remains clear at -1,62,2
ok: L8/R62, facing 1/south_gate: 5-wide opening remains clear at -1,62,3
ok: L8/R62, facing 1/south_gate: 5-wide opening remains clear at 0,62,0
ok: L8/R62, facing 1/south_gate: 5-wide opening remains clear at 0,62,1
ok: L8/R62, facing 1/south_gate: 5-wide opening remains clear at 0,62,2
ok: L8/R62, facing 1/south_gate: 5-wide opening remains clear at 0,62,3
ok: L8/R62, facing 1/south_gate: 5-wide opening remains clear at 1,62,0
ok: L8/R62, facing 1/south_gate: 5-wide opening remains clear at 1,62,1
ok: L8/R62, facing 1/south_gate: 5-wide opening remains clear at 1,62,2
ok: L8/R62, facing 1/south_gate: 5-wide opening remains clear at 1,62,3
ok: L8/R62, facing 1/south_gate: 5-wide opening remains clear at 2,62,0
ok: L8/R62, facing 1/south_gate: 5-wide opening remains clear at 2,62,1
ok: L8/R62, facing 1/south_gate: 5-wide opening remains clear at 2,62,2
ok: L8/R62, facing 1/south_gate: 5-wide opening remains clear at 2,62,3
ok: L8/R62, facing 1/north_gate: 5-wide opening remains clear at -2,-62,0
ok: L8/R62, facing 1/north_gate: 5-wide opening remains clear at -2,-62,1
ok: L8/R62, facing 1/north_gate: 5-wide opening remains clear at -2,-62,2
ok: L8/R62, facing 1/north_gate: 5-wide opening remains clear at -2,-62,3
ok: L8/R62, facing 1/north_gate: 5-wide opening remains clear at -1,-62,0
ok: L8/R62, facing 1/north_gate: 5-wide opening remains clear at -1,-62,1
ok: L8/R62, facing 1/north_gate: 5-wide opening remains clear at -1,-62,2
ok: L8/R62, facing 1/north_gate: 5-wide opening remains clear at -1,-62,3
ok: L8/R62, facing 1/north_gate: 5-wide opening remains clear at 0,-62,0
ok: L8/R62, facing 1/north_gate: 5-wide opening remains clear at 0,-62,1
ok: L8/R62, facing 1/north_gate: 5-wide opening remains clear at 0,-62,2
ok: L8/R62, facing 1/north_gate: 5-wide opening remains clear at 0,-62,3
ok: L8/R62, facing 1/north_gate: 5-wide opening remains clear at 1,-62,0
ok: L8/R62, facing 1/north_gate: 5-wide opening remains clear at 1,-62,1
ok: L8/R62, facing 1/north_gate: 5-wide opening remains clear at 1,-62,2
ok: L8/R62, facing 1/north_gate: 5-wide opening remains clear at 1,-62,3
ok: L8/R62, facing 1/north_gate: 5-wide opening remains clear at 2,-62,0
ok: L8/R62, facing 1/north_gate: 5-wide opening remains clear at 2,-62,1
ok: L8/R62, facing 1/north_gate: 5-wide opening remains clear at 2,-62,2
ok: L8/R62, facing 1/north_gate: 5-wide opening remains clear at 2,-62,3
ok: L8/R62, facing 1: both three-wide road axes are continuous to every gate
ok: L8/R62, facing 1: rotated construction is locally equivalent to facing 0
ok: L10/R78, facing 1: immutable metadata returns approved stage
ok: L10/R78, facing 1: returns all gate, tower and road metadata
ok: L10/R78, facing 1: terrain preparation is narrow (2177 cells, not full square)
ok: L10/R78, facing 1: preserves marker beside a city allocation
ok: L10/R78, facing 1: all 30478 changed blocks remain in narrow wall/tower/gate/road strips (0 outside)
ok: L10/R78, facing 1: does not place defence blocks in any active canonical building envelope
ok: L10/R78, facing 1: curtain uses correct castle wall palette
ok: L10/R78, facing 1: stone generation includes stone-brick defensive detail
ok: L10/R78, facing 1/east_gate: 5-wide opening remains clear at 78,-2,0
ok: L10/R78, facing 1/east_gate: 5-wide opening remains clear at 78,-2,1
ok: L10/R78, facing 1/east_gate: 5-wide opening remains clear at 78,-2,2
ok: L10/R78, facing 1/east_gate: 5-wide opening remains clear at 78,-2,3
ok: L10/R78, facing 1/east_gate: 5-wide opening remains clear at 78,-1,0
ok: L10/R78, facing 1/east_gate: 5-wide opening remains clear at 78,-1,1
ok: L10/R78, facing 1/east_gate: 5-wide opening remains clear at 78,-1,2
ok: L10/R78, facing 1/east_gate: 5-wide opening remains clear at 78,-1,3
ok: L10/R78, facing 1/east_gate: 5-wide opening remains clear at 78,0,0
ok: L10/R78, facing 1/east_gate: 5-wide opening remains clear at 78,0,1
ok: L10/R78, facing 1/east_gate: 5-wide opening remains clear at 78,0,2
ok: L10/R78, facing 1/east_gate: 5-wide opening remains clear at 78,0,3
ok: L10/R78, facing 1/east_gate: 5-wide opening remains clear at 78,1,0
ok: L10/R78, facing 1/east_gate: 5-wide opening remains clear at 78,1,1
ok: L10/R78, facing 1/east_gate: 5-wide opening remains clear at 78,1,2
ok: L10/R78, facing 1/east_gate: 5-wide opening remains clear at 78,1,3
ok: L10/R78, facing 1/east_gate: 5-wide opening remains clear at 78,2,0
ok: L10/R78, facing 1/east_gate: 5-wide opening remains clear at 78,2,1
ok: L10/R78, facing 1/east_gate: 5-wide opening remains clear at 78,2,2
ok: L10/R78, facing 1/east_gate: 5-wide opening remains clear at 78,2,3
ok: L10/R78, facing 1/west_gate: 5-wide opening remains clear at -78,-2,0
ok: L10/R78, facing 1/west_gate: 5-wide opening remains clear at -78,-2,1
ok: L10/R78, facing 1/west_gate: 5-wide opening remains clear at -78,-2,2
ok: L10/R78, facing 1/west_gate: 5-wide opening remains clear at -78,-2,3
ok: L10/R78, facing 1/west_gate: 5-wide opening remains clear at -78,-1,0
ok: L10/R78, facing 1/west_gate: 5-wide opening remains clear at -78,-1,1
ok: L10/R78, facing 1/west_gate: 5-wide opening remains clear at -78,-1,2
ok: L10/R78, facing 1/west_gate: 5-wide opening remains clear at -78,-1,3
ok: L10/R78, facing 1/west_gate: 5-wide opening remains clear at -78,0,0
ok: L10/R78, facing 1/west_gate: 5-wide opening remains clear at -78,0,1
ok: L10/R78, facing 1/west_gate: 5-wide opening remains clear at -78,0,2
ok: L10/R78, facing 1/west_gate: 5-wide opening remains clear at -78,0,3
ok: L10/R78, facing 1/west_gate: 5-wide opening remains clear at -78,1,0
ok: L10/R78, facing 1/west_gate: 5-wide opening remains clear at -78,1,1
ok: L10/R78, facing 1/west_gate: 5-wide opening remains clear at -78,1,2
ok: L10/R78, facing 1/west_gate: 5-wide opening remains clear at -78,1,3
ok: L10/R78, facing 1/west_gate: 5-wide opening remains clear at -78,2,0
ok: L10/R78, facing 1/west_gate: 5-wide opening remains clear at -78,2,1
ok: L10/R78, facing 1/west_gate: 5-wide opening remains clear at -78,2,2
ok: L10/R78, facing 1/west_gate: 5-wide opening remains clear at -78,2,3
ok: L10/R78, facing 1/south_gate: 5-wide opening remains clear at -2,78,0
ok: L10/R78, facing 1/south_gate: 5-wide opening remains clear at -2,78,1
ok: L10/R78, facing 1/south_gate: 5-wide opening remains clear at -2,78,2
ok: L10/R78, facing 1/south_gate: 5-wide opening remains clear at -2,78,3
ok: L10/R78, facing 1/south_gate: 5-wide opening remains clear at -1,78,0
ok: L10/R78, facing 1/south_gate: 5-wide opening remains clear at -1,78,1
ok: L10/R78, facing 1/south_gate: 5-wide opening remains clear at -1,78,2
ok: L10/R78, facing 1/south_gate: 5-wide opening remains clear at -1,78,3
ok: L10/R78, facing 1/south_gate: 5-wide opening remains clear at 0,78,0
ok: L10/R78, facing 1/south_gate: 5-wide opening remains clear at 0,78,1
ok: L10/R78, facing 1/south_gate: 5-wide opening remains clear at 0,78,2
ok: L10/R78, facing 1/south_gate: 5-wide opening remains clear at 0,78,3
ok: L10/R78, facing 1/south_gate: 5-wide opening remains clear at 1,78,0
ok: L10/R78, facing 1/south_gate: 5-wide opening remains clear at 1,78,1
ok: L10/R78, facing 1/south_gate: 5-wide opening remains clear at 1,78,2
ok: L10/R78, facing 1/south_gate: 5-wide opening remains clear at 1,78,3
ok: L10/R78, facing 1/south_gate: 5-wide opening remains clear at 2,78,0
ok: L10/R78, facing 1/south_gate: 5-wide opening remains clear at 2,78,1
ok: L10/R78, facing 1/south_gate: 5-wide opening remains clear at 2,78,2
ok: L10/R78, facing 1/south_gate: 5-wide opening remains clear at 2,78,3
ok: L10/R78, facing 1/north_gate: 5-wide opening remains clear at -2,-78,0
ok: L10/R78, facing 1/north_gate: 5-wide opening remains clear at -2,-78,1
ok: L10/R78, facing 1/north_gate: 5-wide opening remains clear at -2,-78,2
ok: L10/R78, facing 1/north_gate: 5-wide opening remains clear at -2,-78,3
ok: L10/R78, facing 1/north_gate: 5-wide opening remains clear at -1,-78,0
ok: L10/R78, facing 1/north_gate: 5-wide opening remains clear at -1,-78,1
ok: L10/R78, facing 1/north_gate: 5-wide opening remains clear at -1,-78,2
ok: L10/R78, facing 1/north_gate: 5-wide opening remains clear at -1,-78,3
ok: L10/R78, facing 1/north_gate: 5-wide opening remains clear at 0,-78,0
ok: L10/R78, facing 1/north_gate: 5-wide opening remains clear at 0,-78,1
ok: L10/R78, facing 1/north_gate: 5-wide opening remains clear at 0,-78,2
ok: L10/R78, facing 1/north_gate: 5-wide opening remains clear at 0,-78,3
ok: L10/R78, facing 1/north_gate: 5-wide opening remains clear at 1,-78,0
ok: L10/R78, facing 1/north_gate: 5-wide opening remains clear at 1,-78,1
ok: L10/R78, facing 1/north_gate: 5-wide opening remains clear at 1,-78,2
ok: L10/R78, facing 1/north_gate: 5-wide opening remains clear at 1,-78,3
ok: L10/R78, facing 1/north_gate: 5-wide opening remains clear at 2,-78,0
ok: L10/R78, facing 1/north_gate: 5-wide opening remains clear at 2,-78,1
ok: L10/R78, facing 1/north_gate: 5-wide opening remains clear at 2,-78,2
ok: L10/R78, facing 1/north_gate: 5-wide opening remains clear at 2,-78,3
ok: L10/R78, facing 1: both three-wide road axes are continuous to every gate
ok: L10/R78, facing 1: rotated construction is locally equivalent to facing 0
ok: L15/R94, facing 1: immutable metadata returns approved stage
ok: L15/R94, facing 1: returns all gate, tower and road metadata
ok: L15/R94, facing 1: terrain preparation is narrow (2625 cells, not full square)
ok: L15/R94, facing 1: preserves marker beside a city allocation
ok: L15/R94, facing 1: all 36750 changed blocks remain in narrow wall/tower/gate/road strips (0 outside)
ok: L15/R94, facing 1: does not place defence blocks in any active canonical building envelope
ok: L15/R94, facing 1: curtain uses correct castle_expand wall palette
ok: L15/R94, facing 1: stone generation includes stone-brick defensive detail
ok: L15/R94, facing 1/east_gate: 5-wide opening remains clear at 94,-2,0
ok: L15/R94, facing 1/east_gate: 5-wide opening remains clear at 94,-2,1
ok: L15/R94, facing 1/east_gate: 5-wide opening remains clear at 94,-2,2
ok: L15/R94, facing 1/east_gate: 5-wide opening remains clear at 94,-2,3
ok: L15/R94, facing 1/east_gate: 5-wide opening remains clear at 94,-1,0
ok: L15/R94, facing 1/east_gate: 5-wide opening remains clear at 94,-1,1
ok: L15/R94, facing 1/east_gate: 5-wide opening remains clear at 94,-1,2
ok: L15/R94, facing 1/east_gate: 5-wide opening remains clear at 94,-1,3
ok: L15/R94, facing 1/east_gate: 5-wide opening remains clear at 94,0,0
ok: L15/R94, facing 1/east_gate: 5-wide opening remains clear at 94,0,1
ok: L15/R94, facing 1/east_gate: 5-wide opening remains clear at 94,0,2
ok: L15/R94, facing 1/east_gate: 5-wide opening remains clear at 94,0,3
ok: L15/R94, facing 1/east_gate: 5-wide opening remains clear at 94,1,0
ok: L15/R94, facing 1/east_gate: 5-wide opening remains clear at 94,1,1
ok: L15/R94, facing 1/east_gate: 5-wide opening remains clear at 94,1,2
ok: L15/R94, facing 1/east_gate: 5-wide opening remains clear at 94,1,3
ok: L15/R94, facing 1/east_gate: 5-wide opening remains clear at 94,2,0
ok: L15/R94, facing 1/east_gate: 5-wide opening remains clear at 94,2,1
ok: L15/R94, facing 1/east_gate: 5-wide opening remains clear at 94,2,2
ok: L15/R94, facing 1/east_gate: 5-wide opening remains clear at 94,2,3
ok: L15/R94, facing 1/west_gate: 5-wide opening remains clear at -94,-2,0
ok: L15/R94, facing 1/west_gate: 5-wide opening remains clear at -94,-2,1
ok: L15/R94, facing 1/west_gate: 5-wide opening remains clear at -94,-2,2
ok: L15/R94, facing 1/west_gate: 5-wide opening remains clear at -94,-2,3
ok: L15/R94, facing 1/west_gate: 5-wide opening remains clear at -94,-1,0
ok: L15/R94, facing 1/west_gate: 5-wide opening remains clear at -94,-1,1
ok: L15/R94, facing 1/west_gate: 5-wide opening remains clear at -94,-1,2
ok: L15/R94, facing 1/west_gate: 5-wide opening remains clear at -94,-1,3
ok: L15/R94, facing 1/west_gate: 5-wide opening remains clear at -94,0,0
ok: L15/R94, facing 1/west_gate: 5-wide opening remains clear at -94,0,1
ok: L15/R94, facing 1/west_gate: 5-wide opening remains clear at -94,0,2
ok: L15/R94, facing 1/west_gate: 5-wide opening remains clear at -94,0,3
ok: L15/R94, facing 1/west_gate: 5-wide opening remains clear at -94,1,0
ok: L15/R94, facing 1/west_gate: 5-wide opening remains clear at -94,1,1
ok: L15/R94, facing 1/west_gate: 5-wide opening remains clear at -94,1,2
ok: L15/R94, facing 1/west_gate: 5-wide opening remains clear at -94,1,3
ok: L15/R94, facing 1/west_gate: 5-wide opening remains clear at -94,2,0
ok: L15/R94, facing 1/west_gate: 5-wide opening remains clear at -94,2,1
ok: L15/R94, facing 1/west_gate: 5-wide opening remains clear at -94,2,2
ok: L15/R94, facing 1/west_gate: 5-wide opening remains clear at -94,2,3
ok: L15/R94, facing 1/south_gate: 5-wide opening remains clear at -2,94,0
ok: L15/R94, facing 1/south_gate: 5-wide opening remains clear at -2,94,1
ok: L15/R94, facing 1/south_gate: 5-wide opening remains clear at -2,94,2
ok: L15/R94, facing 1/south_gate: 5-wide opening remains clear at -2,94,3
ok: L15/R94, facing 1/south_gate: 5-wide opening remains clear at -1,94,0
ok: L15/R94, facing 1/south_gate: 5-wide opening remains clear at -1,94,1
ok: L15/R94, facing 1/south_gate: 5-wide opening remains clear at -1,94,2
ok: L15/R94, facing 1/south_gate: 5-wide opening remains clear at -1,94,3
ok: L15/R94, facing 1/south_gate: 5-wide opening remains clear at 0,94,0
ok: L15/R94, facing 1/south_gate: 5-wide opening remains clear at 0,94,1
ok: L15/R94, facing 1/south_gate: 5-wide opening remains clear at 0,94,2
ok: L15/R94, facing 1/south_gate: 5-wide opening remains clear at 0,94,3
ok: L15/R94, facing 1/south_gate: 5-wide opening remains clear at 1,94,0
ok: L15/R94, facing 1/south_gate: 5-wide opening remains clear at 1,94,1
ok: L15/R94, facing 1/south_gate: 5-wide opening remains clear at 1,94,2
ok: L15/R94, facing 1/south_gate: 5-wide opening remains clear at 1,94,3
ok: L15/R94, facing 1/south_gate: 5-wide opening remains clear at 2,94,0
ok: L15/R94, facing 1/south_gate: 5-wide opening remains clear at 2,94,1
ok: L15/R94, facing 1/south_gate: 5-wide opening remains clear at 2,94,2
ok: L15/R94, facing 1/south_gate: 5-wide opening remains clear at 2,94,3
ok: L15/R94, facing 1/north_gate: 5-wide opening remains clear at -2,-94,0
ok: L15/R94, facing 1/north_gate: 5-wide opening remains clear at -2,-94,1
ok: L15/R94, facing 1/north_gate: 5-wide opening remains clear at -2,-94,2
ok: L15/R94, facing 1/north_gate: 5-wide opening remains clear at -2,-94,3
ok: L15/R94, facing 1/north_gate: 5-wide opening remains clear at -1,-94,0
ok: L15/R94, facing 1/north_gate: 5-wide opening remains clear at -1,-94,1
ok: L15/R94, facing 1/north_gate: 5-wide opening remains clear at -1,-94,2
ok: L15/R94, facing 1/north_gate: 5-wide opening remains clear at -1,-94,3
ok: L15/R94, facing 1/north_gate: 5-wide opening remains clear at 0,-94,0
ok: L15/R94, facing 1/north_gate: 5-wide opening remains clear at 0,-94,1
ok: L15/R94, facing 1/north_gate: 5-wide opening remains clear at 0,-94,2
ok: L15/R94, facing 1/north_gate: 5-wide opening remains clear at 0,-94,3
ok: L15/R94, facing 1/north_gate: 5-wide opening remains clear at 1,-94,0
ok: L15/R94, facing 1/north_gate: 5-wide opening remains clear at 1,-94,1
ok: L15/R94, facing 1/north_gate: 5-wide opening remains clear at 1,-94,2
ok: L15/R94, facing 1/north_gate: 5-wide opening remains clear at 1,-94,3
ok: L15/R94, facing 1/north_gate: 5-wide opening remains clear at 2,-94,0
ok: L15/R94, facing 1/north_gate: 5-wide opening remains clear at 2,-94,1
ok: L15/R94, facing 1/north_gate: 5-wide opening remains clear at 2,-94,2
ok: L15/R94, facing 1/north_gate: 5-wide opening remains clear at 2,-94,3
ok: L15/R94, facing 1: both three-wide road axes are continuous to every gate
ok: L15/R94, facing 1: rotated construction is locally equivalent to facing 0
ok: L5/R44, facing 2: immutable metadata returns approved stage
ok: L5/R44, facing 2: returns all gate, tower and road metadata
ok: L5/R44, facing 2: terrain preparation is narrow (1225 cells, not full square)
ok: L5/R44, facing 2: preserves marker beside a city allocation
ok: L5/R44, facing 2: all 11025 changed blocks remain in narrow wall/tower/gate/road strips (0 outside)
ok: L5/R44, facing 2: does not place defence blocks in any active canonical building envelope
ok: L5/R44, facing 2: curtain uses correct palisade wall palette
ok: L5/R44, facing 2: palisade does not use castle palette
ok: L5/R44, facing 2/east_gate: 5-wide opening remains clear at 44,-2,0
ok: L5/R44, facing 2/east_gate: 5-wide opening remains clear at 44,-2,1
ok: L5/R44, facing 2/east_gate: 5-wide opening remains clear at 44,-2,2
ok: L5/R44, facing 2/east_gate: 5-wide opening remains clear at 44,-2,3
ok: L5/R44, facing 2/east_gate: 5-wide opening remains clear at 44,-1,0
ok: L5/R44, facing 2/east_gate: 5-wide opening remains clear at 44,-1,1
ok: L5/R44, facing 2/east_gate: 5-wide opening remains clear at 44,-1,2
ok: L5/R44, facing 2/east_gate: 5-wide opening remains clear at 44,-1,3
ok: L5/R44, facing 2/east_gate: 5-wide opening remains clear at 44,0,0
ok: L5/R44, facing 2/east_gate: 5-wide opening remains clear at 44,0,1
ok: L5/R44, facing 2/east_gate: 5-wide opening remains clear at 44,0,2
ok: L5/R44, facing 2/east_gate: 5-wide opening remains clear at 44,0,3
ok: L5/R44, facing 2/east_gate: 5-wide opening remains clear at 44,1,0
ok: L5/R44, facing 2/east_gate: 5-wide opening remains clear at 44,1,1
ok: L5/R44, facing 2/east_gate: 5-wide opening remains clear at 44,1,2
ok: L5/R44, facing 2/east_gate: 5-wide opening remains clear at 44,1,3
ok: L5/R44, facing 2/east_gate: 5-wide opening remains clear at 44,2,0
ok: L5/R44, facing 2/east_gate: 5-wide opening remains clear at 44,2,1
ok: L5/R44, facing 2/east_gate: 5-wide opening remains clear at 44,2,2
ok: L5/R44, facing 2/east_gate: 5-wide opening remains clear at 44,2,3
ok: L5/R44, facing 2/west_gate: 5-wide opening remains clear at -44,-2,0
ok: L5/R44, facing 2/west_gate: 5-wide opening remains clear at -44,-2,1
ok: L5/R44, facing 2/west_gate: 5-wide opening remains clear at -44,-2,2
ok: L5/R44, facing 2/west_gate: 5-wide opening remains clear at -44,-2,3
ok: L5/R44, facing 2/west_gate: 5-wide opening remains clear at -44,-1,0
ok: L5/R44, facing 2/west_gate: 5-wide opening remains clear at -44,-1,1
ok: L5/R44, facing 2/west_gate: 5-wide opening remains clear at -44,-1,2
ok: L5/R44, facing 2/west_gate: 5-wide opening remains clear at -44,-1,3
ok: L5/R44, facing 2/west_gate: 5-wide opening remains clear at -44,0,0
ok: L5/R44, facing 2/west_gate: 5-wide opening remains clear at -44,0,1
ok: L5/R44, facing 2/west_gate: 5-wide opening remains clear at -44,0,2
ok: L5/R44, facing 2/west_gate: 5-wide opening remains clear at -44,0,3
ok: L5/R44, facing 2/west_gate: 5-wide opening remains clear at -44,1,0
ok: L5/R44, facing 2/west_gate: 5-wide opening remains clear at -44,1,1
ok: L5/R44, facing 2/west_gate: 5-wide opening remains clear at -44,1,2
ok: L5/R44, facing 2/west_gate: 5-wide opening remains clear at -44,1,3
ok: L5/R44, facing 2/west_gate: 5-wide opening remains clear at -44,2,0
ok: L5/R44, facing 2/west_gate: 5-wide opening remains clear at -44,2,1
ok: L5/R44, facing 2/west_gate: 5-wide opening remains clear at -44,2,2
ok: L5/R44, facing 2/west_gate: 5-wide opening remains clear at -44,2,3
ok: L5/R44, facing 2/south_gate: 5-wide opening remains clear at -2,44,0
ok: L5/R44, facing 2/south_gate: 5-wide opening remains clear at -2,44,1
ok: L5/R44, facing 2/south_gate: 5-wide opening remains clear at -2,44,2
ok: L5/R44, facing 2/south_gate: 5-wide opening remains clear at -2,44,3
ok: L5/R44, facing 2/south_gate: 5-wide opening remains clear at -1,44,0
ok: L5/R44, facing 2/south_gate: 5-wide opening remains clear at -1,44,1
ok: L5/R44, facing 2/south_gate: 5-wide opening remains clear at -1,44,2
ok: L5/R44, facing 2/south_gate: 5-wide opening remains clear at -1,44,3
ok: L5/R44, facing 2/south_gate: 5-wide opening remains clear at 0,44,0
ok: L5/R44, facing 2/south_gate: 5-wide opening remains clear at 0,44,1
ok: L5/R44, facing 2/south_gate: 5-wide opening remains clear at 0,44,2
ok: L5/R44, facing 2/south_gate: 5-wide opening remains clear at 0,44,3
ok: L5/R44, facing 2/south_gate: 5-wide opening remains clear at 1,44,0
ok: L5/R44, facing 2/south_gate: 5-wide opening remains clear at 1,44,1
ok: L5/R44, facing 2/south_gate: 5-wide opening remains clear at 1,44,2
ok: L5/R44, facing 2/south_gate: 5-wide opening remains clear at 1,44,3
ok: L5/R44, facing 2/south_gate: 5-wide opening remains clear at 2,44,0
ok: L5/R44, facing 2/south_gate: 5-wide opening remains clear at 2,44,1
ok: L5/R44, facing 2/south_gate: 5-wide opening remains clear at 2,44,2
ok: L5/R44, facing 2/south_gate: 5-wide opening remains clear at 2,44,3
ok: L5/R44, facing 2/north_gate: 5-wide opening remains clear at -2,-44,0
ok: L5/R44, facing 2/north_gate: 5-wide opening remains clear at -2,-44,1
ok: L5/R44, facing 2/north_gate: 5-wide opening remains clear at -2,-44,2
ok: L5/R44, facing 2/north_gate: 5-wide opening remains clear at -2,-44,3
ok: L5/R44, facing 2/north_gate: 5-wide opening remains clear at -1,-44,0
ok: L5/R44, facing 2/north_gate: 5-wide opening remains clear at -1,-44,1
ok: L5/R44, facing 2/north_gate: 5-wide opening remains clear at -1,-44,2
ok: L5/R44, facing 2/north_gate: 5-wide opening remains clear at -1,-44,3
ok: L5/R44, facing 2/north_gate: 5-wide opening remains clear at 0,-44,0
ok: L5/R44, facing 2/north_gate: 5-wide opening remains clear at 0,-44,1
ok: L5/R44, facing 2/north_gate: 5-wide opening remains clear at 0,-44,2
ok: L5/R44, facing 2/north_gate: 5-wide opening remains clear at 0,-44,3
ok: L5/R44, facing 2/north_gate: 5-wide opening remains clear at 1,-44,0
ok: L5/R44, facing 2/north_gate: 5-wide opening remains clear at 1,-44,1
ok: L5/R44, facing 2/north_gate: 5-wide opening remains clear at 1,-44,2
ok: L5/R44, facing 2/north_gate: 5-wide opening remains clear at 1,-44,3
ok: L5/R44, facing 2/north_gate: 5-wide opening remains clear at 2,-44,0
ok: L5/R44, facing 2/north_gate: 5-wide opening remains clear at 2,-44,1
ok: L5/R44, facing 2/north_gate: 5-wide opening remains clear at 2,-44,2
ok: L5/R44, facing 2/north_gate: 5-wide opening remains clear at 2,-44,3
ok: L5/R44, facing 2: both three-wide road axes are continuous to every gate
ok: L5/R44, facing 2: rotated construction is locally equivalent to facing 0
ok: L8/R62, facing 2: immutable metadata returns approved stage
ok: L8/R62, facing 2: returns all gate, tower and road metadata
ok: L8/R62, facing 2: terrain preparation is narrow (1729 cells, not full square)
ok: L8/R62, facing 2: preserves marker beside a city allocation
ok: L8/R62, facing 2: all 19019 changed blocks remain in narrow wall/tower/gate/road strips (0 outside)
ok: L8/R62, facing 2: does not place defence blocks in any active canonical building envelope
ok: L8/R62, facing 2: curtain uses correct cobble wall palette
ok: L8/R62, facing 2: stone generation includes stone-brick defensive detail
ok: L8/R62, facing 2/east_gate: 5-wide opening remains clear at 62,-2,0
ok: L8/R62, facing 2/east_gate: 5-wide opening remains clear at 62,-2,1
ok: L8/R62, facing 2/east_gate: 5-wide opening remains clear at 62,-2,2
ok: L8/R62, facing 2/east_gate: 5-wide opening remains clear at 62,-2,3
ok: L8/R62, facing 2/east_gate: 5-wide opening remains clear at 62,-1,0
ok: L8/R62, facing 2/east_gate: 5-wide opening remains clear at 62,-1,1
ok: L8/R62, facing 2/east_gate: 5-wide opening remains clear at 62,-1,2
ok: L8/R62, facing 2/east_gate: 5-wide opening remains clear at 62,-1,3
ok: L8/R62, facing 2/east_gate: 5-wide opening remains clear at 62,0,0
ok: L8/R62, facing 2/east_gate: 5-wide opening remains clear at 62,0,1
ok: L8/R62, facing 2/east_gate: 5-wide opening remains clear at 62,0,2
ok: L8/R62, facing 2/east_gate: 5-wide opening remains clear at 62,0,3
ok: L8/R62, facing 2/east_gate: 5-wide opening remains clear at 62,1,0
ok: L8/R62, facing 2/east_gate: 5-wide opening remains clear at 62,1,1
ok: L8/R62, facing 2/east_gate: 5-wide opening remains clear at 62,1,2
ok: L8/R62, facing 2/east_gate: 5-wide opening remains clear at 62,1,3
ok: L8/R62, facing 2/east_gate: 5-wide opening remains clear at 62,2,0
ok: L8/R62, facing 2/east_gate: 5-wide opening remains clear at 62,2,1
ok: L8/R62, facing 2/east_gate: 5-wide opening remains clear at 62,2,2
ok: L8/R62, facing 2/east_gate: 5-wide opening remains clear at 62,2,3
ok: L8/R62, facing 2/west_gate: 5-wide opening remains clear at -62,-2,0
ok: L8/R62, facing 2/west_gate: 5-wide opening remains clear at -62,-2,1
ok: L8/R62, facing 2/west_gate: 5-wide opening remains clear at -62,-2,2
ok: L8/R62, facing 2/west_gate: 5-wide opening remains clear at -62,-2,3
ok: L8/R62, facing 2/west_gate: 5-wide opening remains clear at -62,-1,0
ok: L8/R62, facing 2/west_gate: 5-wide opening remains clear at -62,-1,1
ok: L8/R62, facing 2/west_gate: 5-wide opening remains clear at -62,-1,2
ok: L8/R62, facing 2/west_gate: 5-wide opening remains clear at -62,-1,3
ok: L8/R62, facing 2/west_gate: 5-wide opening remains clear at -62,0,0
ok: L8/R62, facing 2/west_gate: 5-wide opening remains clear at -62,0,1
ok: L8/R62, facing 2/west_gate: 5-wide opening remains clear at -62,0,2
ok: L8/R62, facing 2/west_gate: 5-wide opening remains clear at -62,0,3
ok: L8/R62, facing 2/west_gate: 5-wide opening remains clear at -62,1,0
ok: L8/R62, facing 2/west_gate: 5-wide opening remains clear at -62,1,1
ok: L8/R62, facing 2/west_gate: 5-wide opening remains clear at -62,1,2
ok: L8/R62, facing 2/west_gate: 5-wide opening remains clear at -62,1,3
ok: L8/R62, facing 2/west_gate: 5-wide opening remains clear at -62,2,0
ok: L8/R62, facing 2/west_gate: 5-wide opening remains clear at -62,2,1
ok: L8/R62, facing 2/west_gate: 5-wide opening remains clear at -62,2,2
ok: L8/R62, facing 2/west_gate: 5-wide opening remains clear at -62,2,3
ok: L8/R62, facing 2/south_gate: 5-wide opening remains clear at -2,62,0
ok: L8/R62, facing 2/south_gate: 5-wide opening remains clear at -2,62,1
ok: L8/R62, facing 2/south_gate: 5-wide opening remains clear at -2,62,2
ok: L8/R62, facing 2/south_gate: 5-wide opening remains clear at -2,62,3
ok: L8/R62, facing 2/south_gate: 5-wide opening remains clear at -1,62,0
ok: L8/R62, facing 2/south_gate: 5-wide opening remains clear at -1,62,1
ok: L8/R62, facing 2/south_gate: 5-wide opening remains clear at -1,62,2
ok: L8/R62, facing 2/south_gate: 5-wide opening remains clear at -1,62,3
ok: L8/R62, facing 2/south_gate: 5-wide opening remains clear at 0,62,0
ok: L8/R62, facing 2/south_gate: 5-wide opening remains clear at 0,62,1
ok: L8/R62, facing 2/south_gate: 5-wide opening remains clear at 0,62,2
ok: L8/R62, facing 2/south_gate: 5-wide opening remains clear at 0,62,3
ok: L8/R62, facing 2/south_gate: 5-wide opening remains clear at 1,62,0
ok: L8/R62, facing 2/south_gate: 5-wide opening remains clear at 1,62,1
ok: L8/R62, facing 2/south_gate: 5-wide opening remains clear at 1,62,2
ok: L8/R62, facing 2/south_gate: 5-wide opening remains clear at 1,62,3
ok: L8/R62, facing 2/south_gate: 5-wide opening remains clear at 2,62,0
ok: L8/R62, facing 2/south_gate: 5-wide opening remains clear at 2,62,1
ok: L8/R62, facing 2/south_gate: 5-wide opening remains clear at 2,62,2
ok: L8/R62, facing 2/south_gate: 5-wide opening remains clear at 2,62,3
ok: L8/R62, facing 2/north_gate: 5-wide opening remains clear at -2,-62,0
ok: L8/R62, facing 2/north_gate: 5-wide opening remains clear at -2,-62,1
ok: L8/R62, facing 2/north_gate: 5-wide opening remains clear at -2,-62,2
ok: L8/R62, facing 2/north_gate: 5-wide opening remains clear at -2,-62,3
ok: L8/R62, facing 2/north_gate: 5-wide opening remains clear at -1,-62,0
ok: L8/R62, facing 2/north_gate: 5-wide opening remains clear at -1,-62,1
ok: L8/R62, facing 2/north_gate: 5-wide opening remains clear at -1,-62,2
ok: L8/R62, facing 2/north_gate: 5-wide opening remains clear at -1,-62,3
ok: L8/R62, facing 2/north_gate: 5-wide opening remains clear at 0,-62,0
ok: L8/R62, facing 2/north_gate: 5-wide opening remains clear at 0,-62,1
ok: L8/R62, facing 2/north_gate: 5-wide opening remains clear at 0,-62,2
ok: L8/R62, facing 2/north_gate: 5-wide opening remains clear at 0,-62,3
ok: L8/R62, facing 2/north_gate: 5-wide opening remains clear at 1,-62,0
ok: L8/R62, facing 2/north_gate: 5-wide opening remains clear at 1,-62,1
ok: L8/R62, facing 2/north_gate: 5-wide opening remains clear at 1,-62,2
ok: L8/R62, facing 2/north_gate: 5-wide opening remains clear at 1,-62,3
ok: L8/R62, facing 2/north_gate: 5-wide opening remains clear at 2,-62,0
ok: L8/R62, facing 2/north_gate: 5-wide opening remains clear at 2,-62,1
ok: L8/R62, facing 2/north_gate: 5-wide opening remains clear at 2,-62,2
ok: L8/R62, facing 2/north_gate: 5-wide opening remains clear at 2,-62,3
ok: L8/R62, facing 2: both three-wide road axes are continuous to every gate
ok: L8/R62, facing 2: rotated construction is locally equivalent to facing 0
ok: L10/R78, facing 2: immutable metadata returns approved stage
ok: L10/R78, facing 2: returns all gate, tower and road metadata
ok: L10/R78, facing 2: terrain preparation is narrow (2177 cells, not full square)
ok: L10/R78, facing 2: preserves marker beside a city allocation
ok: L10/R78, facing 2: all 30478 changed blocks remain in narrow wall/tower/gate/road strips (0 outside)
ok: L10/R78, facing 2: does not place defence blocks in any active canonical building envelope
ok: L10/R78, facing 2: curtain uses correct castle wall palette
ok: L10/R78, facing 2: stone generation includes stone-brick defensive detail
ok: L10/R78, facing 2/east_gate: 5-wide opening remains clear at 78,-2,0
ok: L10/R78, facing 2/east_gate: 5-wide opening remains clear at 78,-2,1
ok: L10/R78, facing 2/east_gate: 5-wide opening remains clear at 78,-2,2
ok: L10/R78, facing 2/east_gate: 5-wide opening remains clear at 78,-2,3
ok: L10/R78, facing 2/east_gate: 5-wide opening remains clear at 78,-1,0
ok: L10/R78, facing 2/east_gate: 5-wide opening remains clear at 78,-1,1
ok: L10/R78, facing 2/east_gate: 5-wide opening remains clear at 78,-1,2
ok: L10/R78, facing 2/east_gate: 5-wide opening remains clear at 78,-1,3
ok: L10/R78, facing 2/east_gate: 5-wide opening remains clear at 78,0,0
ok: L10/R78, facing 2/east_gate: 5-wide opening remains clear at 78,0,1
ok: L10/R78, facing 2/east_gate: 5-wide opening remains clear at 78,0,2
ok: L10/R78, facing 2/east_gate: 5-wide opening remains clear at 78,0,3
ok: L10/R78, facing 2/east_gate: 5-wide opening remains clear at 78,1,0
ok: L10/R78, facing 2/east_gate: 5-wide opening remains clear at 78,1,1
ok: L10/R78, facing 2/east_gate: 5-wide opening remains clear at 78,1,2
ok: L10/R78, facing 2/east_gate: 5-wide opening remains clear at 78,1,3
ok: L10/R78, facing 2/east_gate: 5-wide opening remains clear at 78,2,0
ok: L10/R78, facing 2/east_gate: 5-wide opening remains clear at 78,2,1
ok: L10/R78, facing 2/east_gate: 5-wide opening remains clear at 78,2,2
ok: L10/R78, facing 2/east_gate: 5-wide opening remains clear at 78,2,3
ok: L10/R78, facing 2/west_gate: 5-wide opening remains clear at -78,-2,0
ok: L10/R78, facing 2/west_gate: 5-wide opening remains clear at -78,-2,1
ok: L10/R78, facing 2/west_gate: 5-wide opening remains clear at -78,-2,2
ok: L10/R78, facing 2/west_gate: 5-wide opening remains clear at -78,-2,3
ok: L10/R78, facing 2/west_gate: 5-wide opening remains clear at -78,-1,0
ok: L10/R78, facing 2/west_gate: 5-wide opening remains clear at -78,-1,1
ok: L10/R78, facing 2/west_gate: 5-wide opening remains clear at -78,-1,2
ok: L10/R78, facing 2/west_gate: 5-wide opening remains clear at -78,-1,3
ok: L10/R78, facing 2/west_gate: 5-wide opening remains clear at -78,0,0
ok: L10/R78, facing 2/west_gate: 5-wide opening remains clear at -78,0,1
ok: L10/R78, facing 2/west_gate: 5-wide opening remains clear at -78,0,2
ok: L10/R78, facing 2/west_gate: 5-wide opening remains clear at -78,0,3
ok: L10/R78, facing 2/west_gate: 5-wide opening remains clear at -78,1,0
ok: L10/R78, facing 2/west_gate: 5-wide opening remains clear at -78,1,1
ok: L10/R78, facing 2/west_gate: 5-wide opening remains clear at -78,1,2
ok: L10/R78, facing 2/west_gate: 5-wide opening remains clear at -78,1,3
ok: L10/R78, facing 2/west_gate: 5-wide opening remains clear at -78,2,0
ok: L10/R78, facing 2/west_gate: 5-wide opening remains clear at -78,2,1
ok: L10/R78, facing 2/west_gate: 5-wide opening remains clear at -78,2,2
ok: L10/R78, facing 2/west_gate: 5-wide opening remains clear at -78,2,3
ok: L10/R78, facing 2/south_gate: 5-wide opening remains clear at -2,78,0
ok: L10/R78, facing 2/south_gate: 5-wide opening remains clear at -2,78,1
ok: L10/R78, facing 2/south_gate: 5-wide opening remains clear at -2,78,2
ok: L10/R78, facing 2/south_gate: 5-wide opening remains clear at -2,78,3
ok: L10/R78, facing 2/south_gate: 5-wide opening remains clear at -1,78,0
ok: L10/R78, facing 2/south_gate: 5-wide opening remains clear at -1,78,1
ok: L10/R78, facing 2/south_gate: 5-wide opening remains clear at -1,78,2
ok: L10/R78, facing 2/south_gate: 5-wide opening remains clear at -1,78,3
ok: L10/R78, facing 2/south_gate: 5-wide opening remains clear at 0,78,0
ok: L10/R78, facing 2/south_gate: 5-wide opening remains clear at 0,78,1
ok: L10/R78, facing 2/south_gate: 5-wide opening remains clear at 0,78,2
ok: L10/R78, facing 2/south_gate: 5-wide opening remains clear at 0,78,3
ok: L10/R78, facing 2/south_gate: 5-wide opening remains clear at 1,78,0
ok: L10/R78, facing 2/south_gate: 5-wide opening remains clear at 1,78,1
ok: L10/R78, facing 2/south_gate: 5-wide opening remains clear at 1,78,2
ok: L10/R78, facing 2/south_gate: 5-wide opening remains clear at 1,78,3
ok: L10/R78, facing 2/south_gate: 5-wide opening remains clear at 2,78,0
ok: L10/R78, facing 2/south_gate: 5-wide opening remains clear at 2,78,1
ok: L10/R78, facing 2/south_gate: 5-wide opening remains clear at 2,78,2
ok: L10/R78, facing 2/south_gate: 5-wide opening remains clear at 2,78,3
ok: L10/R78, facing 2/north_gate: 5-wide opening remains clear at -2,-78,0
ok: L10/R78, facing 2/north_gate: 5-wide opening remains clear at -2,-78,1
ok: L10/R78, facing 2/north_gate: 5-wide opening remains clear at -2,-78,2
ok: L10/R78, facing 2/north_gate: 5-wide opening remains clear at -2,-78,3
ok: L10/R78, facing 2/north_gate: 5-wide opening remains clear at -1,-78,0
ok: L10/R78, facing 2/north_gate: 5-wide opening remains clear at -1,-78,1
ok: L10/R78, facing 2/north_gate: 5-wide opening remains clear at -1,-78,2
ok: L10/R78, facing 2/north_gate: 5-wide opening remains clear at -1,-78,3
ok: L10/R78, facing 2/north_gate: 5-wide opening remains clear at 0,-78,0
ok: L10/R78, facing 2/north_gate: 5-wide opening remains clear at 0,-78,1
ok: L10/R78, facing 2/north_gate: 5-wide opening remains clear at 0,-78,2
ok: L10/R78, facing 2/north_gate: 5-wide opening remains clear at 0,-78,3
ok: L10/R78, facing 2/north_gate: 5-wide opening remains clear at 1,-78,0
ok: L10/R78, facing 2/north_gate: 5-wide opening remains clear at 1,-78,1
ok: L10/R78, facing 2/north_gate: 5-wide opening remains clear at 1,-78,2
ok: L10/R78, facing 2/north_gate: 5-wide opening remains clear at 1,-78,3
ok: L10/R78, facing 2/north_gate: 5-wide opening remains clear at 2,-78,0
ok: L10/R78, facing 2/north_gate: 5-wide opening remains clear at 2,-78,1
ok: L10/R78, facing 2/north_gate: 5-wide opening remains clear at 2,-78,2
ok: L10/R78, facing 2/north_gate: 5-wide opening remains clear at 2,-78,3
ok: L10/R78, facing 2: both three-wide road axes are continuous to every gate
ok: L10/R78, facing 2: rotated construction is locally equivalent to facing 0
ok: L15/R94, facing 2: immutable metadata returns approved stage
ok: L15/R94, facing 2: returns all gate, tower and road metadata
ok: L15/R94, facing 2: terrain preparation is narrow (2625 cells, not full square)
ok: L15/R94, facing 2: preserves marker beside a city allocation
ok: L15/R94, facing 2: all 36750 changed blocks remain in narrow wall/tower/gate/road strips (0 outside)
ok: L15/R94, facing 2: does not place defence blocks in any active canonical building envelope
ok: L15/R94, facing 2: curtain uses correct castle_expand wall palette
ok: L15/R94, facing 2: stone generation includes stone-brick defensive detail
ok: L15/R94, facing 2/east_gate: 5-wide opening remains clear at 94,-2,0
ok: L15/R94, facing 2/east_gate: 5-wide opening remains clear at 94,-2,1
ok: L15/R94, facing 2/east_gate: 5-wide opening remains clear at 94,-2,2
ok: L15/R94, facing 2/east_gate: 5-wide opening remains clear at 94,-2,3
ok: L15/R94, facing 2/east_gate: 5-wide opening remains clear at 94,-1,0
ok: L15/R94, facing 2/east_gate: 5-wide opening remains clear at 94,-1,1
ok: L15/R94, facing 2/east_gate: 5-wide opening remains clear at 94,-1,2
ok: L15/R94, facing 2/east_gate: 5-wide opening remains clear at 94,-1,3
ok: L15/R94, facing 2/east_gate: 5-wide opening remains clear at 94,0,0
ok: L15/R94, facing 2/east_gate: 5-wide opening remains clear at 94,0,1
ok: L15/R94, facing 2/east_gate: 5-wide opening remains clear at 94,0,2
ok: L15/R94, facing 2/east_gate: 5-wide opening remains clear at 94,0,3
ok: L15/R94, facing 2/east_gate: 5-wide opening remains clear at 94,1,0
ok: L15/R94, facing 2/east_gate: 5-wide opening remains clear at 94,1,1
ok: L15/R94, facing 2/east_gate: 5-wide opening remains clear at 94,1,2
ok: L15/R94, facing 2/east_gate: 5-wide opening remains clear at 94,1,3
ok: L15/R94, facing 2/east_gate: 5-wide opening remains clear at 94,2,0
ok: L15/R94, facing 2/east_gate: 5-wide opening remains clear at 94,2,1
ok: L15/R94, facing 2/east_gate: 5-wide opening remains clear at 94,2,2
ok: L15/R94, facing 2/east_gate: 5-wide opening remains clear at 94,2,3
ok: L15/R94, facing 2/west_gate: 5-wide opening remains clear at -94,-2,0
ok: L15/R94, facing 2/west_gate: 5-wide opening remains clear at -94,-2,1
ok: L15/R94, facing 2/west_gate: 5-wide opening remains clear at -94,-2,2
ok: L15/R94, facing 2/west_gate: 5-wide opening remains clear at -94,-2,3
ok: L15/R94, facing 2/west_gate: 5-wide opening remains clear at -94,-1,0
ok: L15/R94, facing 2/west_gate: 5-wide opening remains clear at -94,-1,1
ok: L15/R94, facing 2/west_gate: 5-wide opening remains clear at -94,-1,2
ok: L15/R94, facing 2/west_gate: 5-wide opening remains clear at -94,-1,3
ok: L15/R94, facing 2/west_gate: 5-wide opening remains clear at -94,0,0
ok: L15/R94, facing 2/west_gate: 5-wide opening remains clear at -94,0,1
ok: L15/R94, facing 2/west_gate: 5-wide opening remains clear at -94,0,2
ok: L15/R94, facing 2/west_gate: 5-wide opening remains clear at -94,0,3
ok: L15/R94, facing 2/west_gate: 5-wide opening remains clear at -94,1,0
ok: L15/R94, facing 2/west_gate: 5-wide opening remains clear at -94,1,1
ok: L15/R94, facing 2/west_gate: 5-wide opening remains clear at -94,1,2
ok: L15/R94, facing 2/west_gate: 5-wide opening remains clear at -94,1,3
ok: L15/R94, facing 2/west_gate: 5-wide opening remains clear at -94,2,0
ok: L15/R94, facing 2/west_gate: 5-wide opening remains clear at -94,2,1
ok: L15/R94, facing 2/west_gate: 5-wide opening remains clear at -94,2,2
ok: L15/R94, facing 2/west_gate: 5-wide opening remains clear at -94,2,3
ok: L15/R94, facing 2/south_gate: 5-wide opening remains clear at -2,94,0
ok: L15/R94, facing 2/south_gate: 5-wide opening remains clear at -2,94,1
ok: L15/R94, facing 2/south_gate: 5-wide opening remains clear at -2,94,2
ok: L15/R94, facing 2/south_gate: 5-wide opening remains clear at -2,94,3
ok: L15/R94, facing 2/south_gate: 5-wide opening remains clear at -1,94,0
ok: L15/R94, facing 2/south_gate: 5-wide opening remains clear at -1,94,1
ok: L15/R94, facing 2/south_gate: 5-wide opening remains clear at -1,94,2
ok: L15/R94, facing 2/south_gate: 5-wide opening remains clear at -1,94,3
ok: L15/R94, facing 2/south_gate: 5-wide opening remains clear at 0,94,0
ok: L15/R94, facing 2/south_gate: 5-wide opening remains clear at 0,94,1
ok: L15/R94, facing 2/south_gate: 5-wide opening remains clear at 0,94,2
ok: L15/R94, facing 2/south_gate: 5-wide opening remains clear at 0,94,3
ok: L15/R94, facing 2/south_gate: 5-wide opening remains clear at 1,94,0
ok: L15/R94, facing 2/south_gate: 5-wide opening remains clear at 1,94,1
ok: L15/R94, facing 2/south_gate: 5-wide opening remains clear at 1,94,2
ok: L15/R94, facing 2/south_gate: 5-wide opening remains clear at 1,94,3
ok: L15/R94, facing 2/south_gate: 5-wide opening remains clear at 2,94,0
ok: L15/R94, facing 2/south_gate: 5-wide opening remains clear at 2,94,1
ok: L15/R94, facing 2/south_gate: 5-wide opening remains clear at 2,94,2
ok: L15/R94, facing 2/south_gate: 5-wide opening remains clear at 2,94,3
ok: L15/R94, facing 2/north_gate: 5-wide opening remains clear at -2,-94,0
ok: L15/R94, facing 2/north_gate: 5-wide opening remains clear at -2,-94,1
ok: L15/R94, facing 2/north_gate: 5-wide opening remains clear at -2,-94,2
ok: L15/R94, facing 2/north_gate: 5-wide opening remains clear at -2,-94,3
ok: L15/R94, facing 2/north_gate: 5-wide opening remains clear at -1,-94,0
ok: L15/R94, facing 2/north_gate: 5-wide opening remains clear at -1,-94,1
ok: L15/R94, facing 2/north_gate: 5-wide opening remains clear at -1,-94,2
ok: L15/R94, facing 2/north_gate: 5-wide opening remains clear at -1,-94,3
ok: L15/R94, facing 2/north_gate: 5-wide opening remains clear at 0,-94,0
ok: L15/R94, facing 2/north_gate: 5-wide opening remains clear at 0,-94,1
ok: L15/R94, facing 2/north_gate: 5-wide opening remains clear at 0,-94,2
ok: L15/R94, facing 2/north_gate: 5-wide opening remains clear at 0,-94,3
ok: L15/R94, facing 2/north_gate: 5-wide opening remains clear at 1,-94,0
ok: L15/R94, facing 2/north_gate: 5-wide opening remains clear at 1,-94,1
ok: L15/R94, facing 2/north_gate: 5-wide opening remains clear at 1,-94,2
ok: L15/R94, facing 2/north_gate: 5-wide opening remains clear at 1,-94,3
ok: L15/R94, facing 2/north_gate: 5-wide opening remains clear at 2,-94,0
ok: L15/R94, facing 2/north_gate: 5-wide opening remains clear at 2,-94,1
ok: L15/R94, facing 2/north_gate: 5-wide opening remains clear at 2,-94,2
ok: L15/R94, facing 2/north_gate: 5-wide opening remains clear at 2,-94,3
ok: L15/R94, facing 2: both three-wide road axes are continuous to every gate
ok: L15/R94, facing 2: rotated construction is locally equivalent to facing 0
ok: L5/R44, facing 3: immutable metadata returns approved stage
ok: L5/R44, facing 3: returns all gate, tower and road metadata
ok: L5/R44, facing 3: terrain preparation is narrow (1225 cells, not full square)
ok: L5/R44, facing 3: preserves marker beside a city allocation
ok: L5/R44, facing 3: all 11025 changed blocks remain in narrow wall/tower/gate/road strips (0 outside)
ok: L5/R44, facing 3: does not place defence blocks in any active canonical building envelope
ok: L5/R44, facing 3: curtain uses correct palisade wall palette
ok: L5/R44, facing 3: palisade does not use castle palette
ok: L5/R44, facing 3/east_gate: 5-wide opening remains clear at 44,-2,0
ok: L5/R44, facing 3/east_gate: 5-wide opening remains clear at 44,-2,1
ok: L5/R44, facing 3/east_gate: 5-wide opening remains clear at 44,-2,2
ok: L5/R44, facing 3/east_gate: 5-wide opening remains clear at 44,-2,3
ok: L5/R44, facing 3/east_gate: 5-wide opening remains clear at 44,-1,0
ok: L5/R44, facing 3/east_gate: 5-wide opening remains clear at 44,-1,1
ok: L5/R44, facing 3/east_gate: 5-wide opening remains clear at 44,-1,2
ok: L5/R44, facing 3/east_gate: 5-wide opening remains clear at 44,-1,3
ok: L5/R44, facing 3/east_gate: 5-wide opening remains clear at 44,0,0
ok: L5/R44, facing 3/east_gate: 5-wide opening remains clear at 44,0,1
ok: L5/R44, facing 3/east_gate: 5-wide opening remains clear at 44,0,2
ok: L5/R44, facing 3/east_gate: 5-wide opening remains clear at 44,0,3
ok: L5/R44, facing 3/east_gate: 5-wide opening remains clear at 44,1,0
ok: L5/R44, facing 3/east_gate: 5-wide opening remains clear at 44,1,1
ok: L5/R44, facing 3/east_gate: 5-wide opening remains clear at 44,1,2
ok: L5/R44, facing 3/east_gate: 5-wide opening remains clear at 44,1,3
ok: L5/R44, facing 3/east_gate: 5-wide opening remains clear at 44,2,0
ok: L5/R44, facing 3/east_gate: 5-wide opening remains clear at 44,2,1
ok: L5/R44, facing 3/east_gate: 5-wide opening remains clear at 44,2,2
ok: L5/R44, facing 3/east_gate: 5-wide opening remains clear at 44,2,3
ok: L5/R44, facing 3/west_gate: 5-wide opening remains clear at -44,-2,0
ok: L5/R44, facing 3/west_gate: 5-wide opening remains clear at -44,-2,1
ok: L5/R44, facing 3/west_gate: 5-wide opening remains clear at -44,-2,2
ok: L5/R44, facing 3/west_gate: 5-wide opening remains clear at -44,-2,3
ok: L5/R44, facing 3/west_gate: 5-wide opening remains clear at -44,-1,0
ok: L5/R44, facing 3/west_gate: 5-wide opening remains clear at -44,-1,1
ok: L5/R44, facing 3/west_gate: 5-wide opening remains clear at -44,-1,2
ok: L5/R44, facing 3/west_gate: 5-wide opening remains clear at -44,-1,3
ok: L5/R44, facing 3/west_gate: 5-wide opening remains clear at -44,0,0
ok: L5/R44, facing 3/west_gate: 5-wide opening remains clear at -44,0,1
ok: L5/R44, facing 3/west_gate: 5-wide opening remains clear at -44,0,2
ok: L5/R44, facing 3/west_gate: 5-wide opening remains clear at -44,0,3
ok: L5/R44, facing 3/west_gate: 5-wide opening remains clear at -44,1,0
ok: L5/R44, facing 3/west_gate: 5-wide opening remains clear at -44,1,1
ok: L5/R44, facing 3/west_gate: 5-wide opening remains clear at -44,1,2
ok: L5/R44, facing 3/west_gate: 5-wide opening remains clear at -44,1,3
ok: L5/R44, facing 3/west_gate: 5-wide opening remains clear at -44,2,0
ok: L5/R44, facing 3/west_gate: 5-wide opening remains clear at -44,2,1
ok: L5/R44, facing 3/west_gate: 5-wide opening remains clear at -44,2,2
ok: L5/R44, facing 3/west_gate: 5-wide opening remains clear at -44,2,3
ok: L5/R44, facing 3/south_gate: 5-wide opening remains clear at -2,44,0
ok: L5/R44, facing 3/south_gate: 5-wide opening remains clear at -2,44,1
ok: L5/R44, facing 3/south_gate: 5-wide opening remains clear at -2,44,2
ok: L5/R44, facing 3/south_gate: 5-wide opening remains clear at -2,44,3
ok: L5/R44, facing 3/south_gate: 5-wide opening remains clear at -1,44,0
ok: L5/R44, facing 3/south_gate: 5-wide opening remains clear at -1,44,1
ok: L5/R44, facing 3/south_gate: 5-wide opening remains clear at -1,44,2
ok: L5/R44, facing 3/south_gate: 5-wide opening remains clear at -1,44,3
ok: L5/R44, facing 3/south_gate: 5-wide opening remains clear at 0,44,0
ok: L5/R44, facing 3/south_gate: 5-wide opening remains clear at 0,44,1
ok: L5/R44, facing 3/south_gate: 5-wide opening remains clear at 0,44,2
ok: L5/R44, facing 3/south_gate: 5-wide opening remains clear at 0,44,3
ok: L5/R44, facing 3/south_gate: 5-wide opening remains clear at 1,44,0
ok: L5/R44, facing 3/south_gate: 5-wide opening remains clear at 1,44,1
ok: L5/R44, facing 3/south_gate: 5-wide opening remains clear at 1,44,2
ok: L5/R44, facing 3/south_gate: 5-wide opening remains clear at 1,44,3
ok: L5/R44, facing 3/south_gate: 5-wide opening remains clear at 2,44,0
ok: L5/R44, facing 3/south_gate: 5-wide opening remains clear at 2,44,1
ok: L5/R44, facing 3/south_gate: 5-wide opening remains clear at 2,44,2
ok: L5/R44, facing 3/south_gate: 5-wide opening remains clear at 2,44,3
ok: L5/R44, facing 3/north_gate: 5-wide opening remains clear at -2,-44,0
ok: L5/R44, facing 3/north_gate: 5-wide opening remains clear at -2,-44,1
ok: L5/R44, facing 3/north_gate: 5-wide opening remains clear at -2,-44,2
ok: L5/R44, facing 3/north_gate: 5-wide opening remains clear at -2,-44,3
ok: L5/R44, facing 3/north_gate: 5-wide opening remains clear at -1,-44,0
ok: L5/R44, facing 3/north_gate: 5-wide opening remains clear at -1,-44,1
ok: L5/R44, facing 3/north_gate: 5-wide opening remains clear at -1,-44,2
ok: L5/R44, facing 3/north_gate: 5-wide opening remains clear at -1,-44,3
ok: L5/R44, facing 3/north_gate: 5-wide opening remains clear at 0,-44,0
ok: L5/R44, facing 3/north_gate: 5-wide opening remains clear at 0,-44,1
ok: L5/R44, facing 3/north_gate: 5-wide opening remains clear at 0,-44,2
ok: L5/R44, facing 3/north_gate: 5-wide opening remains clear at 0,-44,3
ok: L5/R44, facing 3/north_gate: 5-wide opening remains clear at 1,-44,0
ok: L5/R44, facing 3/north_gate: 5-wide opening remains clear at 1,-44,1
ok: L5/R44, facing 3/north_gate: 5-wide opening remains clear at 1,-44,2
ok: L5/R44, facing 3/north_gate: 5-wide opening remains clear at 1,-44,3
ok: L5/R44, facing 3/north_gate: 5-wide opening remains clear at 2,-44,0
ok: L5/R44, facing 3/north_gate: 5-wide opening remains clear at 2,-44,1
ok: L5/R44, facing 3/north_gate: 5-wide opening remains clear at 2,-44,2
ok: L5/R44, facing 3/north_gate: 5-wide opening remains clear at 2,-44,3
ok: L5/R44, facing 3: both three-wide road axes are continuous to every gate
ok: L5/R44, facing 3: rotated construction is locally equivalent to facing 0
ok: L8/R62, facing 3: immutable metadata returns approved stage
ok: L8/R62, facing 3: returns all gate, tower and road metadata
ok: L8/R62, facing 3: terrain preparation is narrow (1729 cells, not full square)
ok: L8/R62, facing 3: preserves marker beside a city allocation
ok: L8/R62, facing 3: all 19019 changed blocks remain in narrow wall/tower/gate/road strips (0 outside)
ok: L8/R62, facing 3: does not place defence blocks in any active canonical building envelope
ok: L8/R62, facing 3: curtain uses correct cobble wall palette
ok: L8/R62, facing 3: stone generation includes stone-brick defensive detail
ok: L8/R62, facing 3/east_gate: 5-wide opening remains clear at 62,-2,0
ok: L8/R62, facing 3/east_gate: 5-wide opening remains clear at 62,-2,1
ok: L8/R62, facing 3/east_gate: 5-wide opening remains clear at 62,-2,2
ok: L8/R62, facing 3/east_gate: 5-wide opening remains clear at 62,-2,3
ok: L8/R62, facing 3/east_gate: 5-wide opening remains clear at 62,-1,0
ok: L8/R62, facing 3/east_gate: 5-wide opening remains clear at 62,-1,1
ok: L8/R62, facing 3/east_gate: 5-wide opening remains clear at 62,-1,2
ok: L8/R62, facing 3/east_gate: 5-wide opening remains clear at 62,-1,3
ok: L8/R62, facing 3/east_gate: 5-wide opening remains clear at 62,0,0
ok: L8/R62, facing 3/east_gate: 5-wide opening remains clear at 62,0,1
ok: L8/R62, facing 3/east_gate: 5-wide opening remains clear at 62,0,2
ok: L8/R62, facing 3/east_gate: 5-wide opening remains clear at 62,0,3
ok: L8/R62, facing 3/east_gate: 5-wide opening remains clear at 62,1,0
ok: L8/R62, facing 3/east_gate: 5-wide opening remains clear at 62,1,1
ok: L8/R62, facing 3/east_gate: 5-wide opening remains clear at 62,1,2
ok: L8/R62, facing 3/east_gate: 5-wide opening remains clear at 62,1,3
ok: L8/R62, facing 3/east_gate: 5-wide opening remains clear at 62,2,0
ok: L8/R62, facing 3/east_gate: 5-wide opening remains clear at 62,2,1
ok: L8/R62, facing 3/east_gate: 5-wide opening remains clear at 62,2,2
ok: L8/R62, facing 3/east_gate: 5-wide opening remains clear at 62,2,3
ok: L8/R62, facing 3/west_gate: 5-wide opening remains clear at -62,-2,0
ok: L8/R62, facing 3/west_gate: 5-wide opening remains clear at -62,-2,1
ok: L8/R62, facing 3/west_gate: 5-wide opening remains clear at -62,-2,2
ok: L8/R62, facing 3/west_gate: 5-wide opening remains clear at -62,-2,3
ok: L8/R62, facing 3/west_gate: 5-wide opening remains clear at -62,-1,0
ok: L8/R62, facing 3/west_gate: 5-wide opening remains clear at -62,-1,1
ok: L8/R62, facing 3/west_gate: 5-wide opening remains clear at -62,-1,2
ok: L8/R62, facing 3/west_gate: 5-wide opening remains clear at -62,-1,3
ok: L8/R62, facing 3/west_gate: 5-wide opening remains clear at -62,0,0
ok: L8/R62, facing 3/west_gate: 5-wide opening remains clear at -62,0,1
ok: L8/R62, facing 3/west_gate: 5-wide opening remains clear at -62,0,2
ok: L8/R62, facing 3/west_gate: 5-wide opening remains clear at -62,0,3
ok: L8/R62, facing 3/west_gate: 5-wide opening remains clear at -62,1,0
ok: L8/R62, facing 3/west_gate: 5-wide opening remains clear at -62,1,1
ok: L8/R62, facing 3/west_gate: 5-wide opening remains clear at -62,1,2
ok: L8/R62, facing 3/west_gate: 5-wide opening remains clear at -62,1,3
ok: L8/R62, facing 3/west_gate: 5-wide opening remains clear at -62,2,0
ok: L8/R62, facing 3/west_gate: 5-wide opening remains clear at -62,2,1
ok: L8/R62, facing 3/west_gate: 5-wide opening remains clear at -62,2,2
ok: L8/R62, facing 3/west_gate: 5-wide opening remains clear at -62,2,3
ok: L8/R62, facing 3/south_gate: 5-wide opening remains clear at -2,62,0
ok: L8/R62, facing 3/south_gate: 5-wide opening remains clear at -2,62,1
ok: L8/R62, facing 3/south_gate: 5-wide opening remains clear at -2,62,2
ok: L8/R62, facing 3/south_gate: 5-wide opening remains clear at -2,62,3
ok: L8/R62, facing 3/south_gate: 5-wide opening remains clear at -1,62,0
ok: L8/R62, facing 3/south_gate: 5-wide opening remains clear at -1,62,1
ok: L8/R62, facing 3/south_gate: 5-wide opening remains clear at -1,62,2
ok: L8/R62, facing 3/south_gate: 5-wide opening remains clear at -1,62,3
ok: L8/R62, facing 3/south_gate: 5-wide opening remains clear at 0,62,0
ok: L8/R62, facing 3/south_gate: 5-wide opening remains clear at 0,62,1
ok: L8/R62, facing 3/south_gate: 5-wide opening remains clear at 0,62,2
ok: L8/R62, facing 3/south_gate: 5-wide opening remains clear at 0,62,3
ok: L8/R62, facing 3/south_gate: 5-wide opening remains clear at 1,62,0
ok: L8/R62, facing 3/south_gate: 5-wide opening remains clear at 1,62,1
ok: L8/R62, facing 3/south_gate: 5-wide opening remains clear at 1,62,2
ok: L8/R62, facing 3/south_gate: 5-wide opening remains clear at 1,62,3
ok: L8/R62, facing 3/south_gate: 5-wide opening remains clear at 2,62,0
ok: L8/R62, facing 3/south_gate: 5-wide opening remains clear at 2,62,1
ok: L8/R62, facing 3/south_gate: 5-wide opening remains clear at 2,62,2
ok: L8/R62, facing 3/south_gate: 5-wide opening remains clear at 2,62,3
ok: L8/R62, facing 3/north_gate: 5-wide opening remains clear at -2,-62,0
ok: L8/R62, facing 3/north_gate: 5-wide opening remains clear at -2,-62,1
ok: L8/R62, facing 3/north_gate: 5-wide opening remains clear at -2,-62,2
ok: L8/R62, facing 3/north_gate: 5-wide opening remains clear at -2,-62,3
ok: L8/R62, facing 3/north_gate: 5-wide opening remains clear at -1,-62,0
ok: L8/R62, facing 3/north_gate: 5-wide opening remains clear at -1,-62,1
ok: L8/R62, facing 3/north_gate: 5-wide opening remains clear at -1,-62,2
ok: L8/R62, facing 3/north_gate: 5-wide opening remains clear at -1,-62,3
ok: L8/R62, facing 3/north_gate: 5-wide opening remains clear at 0,-62,0
ok: L8/R62, facing 3/north_gate: 5-wide opening remains clear at 0,-62,1
ok: L8/R62, facing 3/north_gate: 5-wide opening remains clear at 0,-62,2
ok: L8/R62, facing 3/north_gate: 5-wide opening remains clear at 0,-62,3
ok: L8/R62, facing 3/north_gate: 5-wide opening remains clear at 1,-62,0
ok: L8/R62, facing 3/north_gate: 5-wide opening remains clear at 1,-62,1
ok: L8/R62, facing 3/north_gate: 5-wide opening remains clear at 1,-62,2
ok: L8/R62, facing 3/north_gate: 5-wide opening remains clear at 1,-62,3
ok: L8/R62, facing 3/north_gate: 5-wide opening remains clear at 2,-62,0
ok: L8/R62, facing 3/north_gate: 5-wide opening remains clear at 2,-62,1
ok: L8/R62, facing 3/north_gate: 5-wide opening remains clear at 2,-62,2
ok: L8/R62, facing 3/north_gate: 5-wide opening remains clear at 2,-62,3
ok: L8/R62, facing 3: both three-wide road axes are continuous to every gate
ok: L8/R62, facing 3: rotated construction is locally equivalent to facing 0
ok: L10/R78, facing 3: immutable metadata returns approved stage
ok: L10/R78, facing 3: returns all gate, tower and road metadata
ok: L10/R78, facing 3: terrain preparation is narrow (2177 cells, not full square)
ok: L10/R78, facing 3: preserves marker beside a city allocation
ok: L10/R78, facing 3: all 30478 changed blocks remain in narrow wall/tower/gate/road strips (0 outside)
ok: L10/R78, facing 3: does not place defence blocks in any active canonical building envelope
ok: L10/R78, facing 3: curtain uses correct castle wall palette
ok: L10/R78, facing 3: stone generation includes stone-brick defensive detail
ok: L10/R78, facing 3/east_gate: 5-wide opening remains clear at 78,-2,0
ok: L10/R78, facing 3/east_gate: 5-wide opening remains clear at 78,-2,1
ok: L10/R78, facing 3/east_gate: 5-wide opening remains clear at 78,-2,2
ok: L10/R78, facing 3/east_gate: 5-wide opening remains clear at 78,-2,3
ok: L10/R78, facing 3/east_gate: 5-wide opening remains clear at 78,-1,0
ok: L10/R78, facing 3/east_gate: 5-wide opening remains clear at 78,-1,1
ok: L10/R78, facing 3/east_gate: 5-wide opening remains clear at 78,-1,2
ok: L10/R78, facing 3/east_gate: 5-wide opening remains clear at 78,-1,3
ok: L10/R78, facing 3/east_gate: 5-wide opening remains clear at 78,0,0
ok: L10/R78, facing 3/east_gate: 5-wide opening remains clear at 78,0,1
ok: L10/R78, facing 3/east_gate: 5-wide opening remains clear at 78,0,2
ok: L10/R78, facing 3/east_gate: 5-wide opening remains clear at 78,0,3
ok: L10/R78, facing 3/east_gate: 5-wide opening remains clear at 78,1,0
ok: L10/R78, facing 3/east_gate: 5-wide opening remains clear at 78,1,1
ok: L10/R78, facing 3/east_gate: 5-wide opening remains clear at 78,1,2
ok: L10/R78, facing 3/east_gate: 5-wide opening remains clear at 78,1,3
ok: L10/R78, facing 3/east_gate: 5-wide opening remains clear at 78,2,0
ok: L10/R78, facing 3/east_gate: 5-wide opening remains clear at 78,2,1
ok: L10/R78, facing 3/east_gate: 5-wide opening remains clear at 78,2,2
ok: L10/R78, facing 3/east_gate: 5-wide opening remains clear at 78,2,3
ok: L10/R78, facing 3/west_gate: 5-wide opening remains clear at -78,-2,0
ok: L10/R78, facing 3/west_gate: 5-wide opening remains clear at -78,-2,1
ok: L10/R78, facing 3/west_gate: 5-wide opening remains clear at -78,-2,2
ok: L10/R78, facing 3/west_gate: 5-wide opening remains clear at -78,-2,3
ok: L10/R78, facing 3/west_gate: 5-wide opening remains clear at -78,-1,0
ok: L10/R78, facing 3/west_gate: 5-wide opening remains clear at -78,-1,1
ok: L10/R78, facing 3/west_gate: 5-wide opening remains clear at -78,-1,2
ok: L10/R78, facing 3/west_gate: 5-wide opening remains clear at -78,-1,3
ok: L10/R78, facing 3/west_gate: 5-wide opening remains clear at -78,0,0
ok: L10/R78, facing 3/west_gate: 5-wide opening remains clear at -78,0,1
ok: L10/R78, facing 3/west_gate: 5-wide opening remains clear at -78,0,2
ok: L10/R78, facing 3/west_gate: 5-wide opening remains clear at -78,0,3
ok: L10/R78, facing 3/west_gate: 5-wide opening remains clear at -78,1,0
ok: L10/R78, facing 3/west_gate: 5-wide opening remains clear at -78,1,1
ok: L10/R78, facing 3/west_gate: 5-wide opening remains clear at -78,1,2
ok: L10/R78, facing 3/west_gate: 5-wide opening remains clear at -78,1,3
ok: L10/R78, facing 3/west_gate: 5-wide opening remains clear at -78,2,0
ok: L10/R78, facing 3/west_gate: 5-wide opening remains clear at -78,2,1
ok: L10/R78, facing 3/west_gate: 5-wide opening remains clear at -78,2,2
ok: L10/R78, facing 3/west_gate: 5-wide opening remains clear at -78,2,3
ok: L10/R78, facing 3/south_gate: 5-wide opening remains clear at -2,78,0
ok: L10/R78, facing 3/south_gate: 5-wide opening remains clear at -2,78,1
ok: L10/R78, facing 3/south_gate: 5-wide opening remains clear at -2,78,2
ok: L10/R78, facing 3/south_gate: 5-wide opening remains clear at -2,78,3
ok: L10/R78, facing 3/south_gate: 5-wide opening remains clear at -1,78,0
ok: L10/R78, facing 3/south_gate: 5-wide opening remains clear at -1,78,1
ok: L10/R78, facing 3/south_gate: 5-wide opening remains clear at -1,78,2
ok: L10/R78, facing 3/south_gate: 5-wide opening remains clear at -1,78,3
ok: L10/R78, facing 3/south_gate: 5-wide opening remains clear at 0,78,0
ok: L10/R78, facing 3/south_gate: 5-wide opening remains clear at 0,78,1
ok: L10/R78, facing 3/south_gate: 5-wide opening remains clear at 0,78,2
ok: L10/R78, facing 3/south_gate: 5-wide opening remains clear at 0,78,3
ok: L10/R78, facing 3/south_gate: 5-wide opening remains clear at 1,78,0
ok: L10/R78, facing 3/south_gate: 5-wide opening remains clear at 1,78,1
ok: L10/R78, facing 3/south_gate: 5-wide opening remains clear at 1,78,2
ok: L10/R78, facing 3/south_gate: 5-wide opening remains clear at 1,78,3
ok: L10/R78, facing 3/south_gate: 5-wide opening remains clear at 2,78,0
ok: L10/R78, facing 3/south_gate: 5-wide opening remains clear at 2,78,1
ok: L10/R78, facing 3/south_gate: 5-wide opening remains clear at 2,78,2
ok: L10/R78, facing 3/south_gate: 5-wide opening remains clear at 2,78,3
ok: L10/R78, facing 3/north_gate: 5-wide opening remains clear at -2,-78,0
ok: L10/R78, facing 3/north_gate: 5-wide opening remains clear at -2,-78,1
ok: L10/R78, facing 3/north_gate: 5-wide opening remains clear at -2,-78,2
ok: L10/R78, facing 3/north_gate: 5-wide opening remains clear at -2,-78,3
ok: L10/R78, facing 3/north_gate: 5-wide opening remains clear at -1,-78,0
ok: L10/R78, facing 3/north_gate: 5-wide opening remains clear at -1,-78,1
ok: L10/R78, facing 3/north_gate: 5-wide opening remains clear at -1,-78,2
ok: L10/R78, facing 3/north_gate: 5-wide opening remains clear at -1,-78,3
ok: L10/R78, facing 3/north_gate: 5-wide opening remains clear at 0,-78,0
ok: L10/R78, facing 3/north_gate: 5-wide opening remains clear at 0,-78,1
ok: L10/R78, facing 3/north_gate: 5-wide opening remains clear at 0,-78,2
ok: L10/R78, facing 3/north_gate: 5-wide opening remains clear at 0,-78,3
ok: L10/R78, facing 3/north_gate: 5-wide opening remains clear at 1,-78,0
ok: L10/R78, facing 3/north_gate: 5-wide opening remains clear at 1,-78,1
ok: L10/R78, facing 3/north_gate: 5-wide opening remains clear at 1,-78,2
ok: L10/R78, facing 3/north_gate: 5-wide opening remains clear at 1,-78,3
ok: L10/R78, facing 3/north_gate: 5-wide opening remains clear at 2,-78,0
ok: L10/R78, facing 3/north_gate: 5-wide opening remains clear at 2,-78,1
ok: L10/R78, facing 3/north_gate: 5-wide opening remains clear at 2,-78,2
ok: L10/R78, facing 3/north_gate: 5-wide opening remains clear at 2,-78,3
ok: L10/R78, facing 3: both three-wide road axes are continuous to every gate
ok: L10/R78, facing 3: rotated construction is locally equivalent to facing 0
ok: L15/R94, facing 3: immutable metadata returns approved stage
ok: L15/R94, facing 3: returns all gate, tower and road metadata
ok: L15/R94, facing 3: terrain preparation is narrow (2625 cells, not full square)
ok: L15/R94, facing 3: preserves marker beside a city allocation
ok: L15/R94, facing 3: all 36750 changed blocks remain in narrow wall/tower/gate/road strips (0 outside)
ok: L15/R94, facing 3: does not place defence blocks in any active canonical building envelope
ok: L15/R94, facing 3: curtain uses correct castle_expand wall palette
ok: L15/R94, facing 3: stone generation includes stone-brick defensive detail
ok: L15/R94, facing 3/east_gate: 5-wide opening remains clear at 94,-2,0
ok: L15/R94, facing 3/east_gate: 5-wide opening remains clear at 94,-2,1
ok: L15/R94, facing 3/east_gate: 5-wide opening remains clear at 94,-2,2
ok: L15/R94, facing 3/east_gate: 5-wide opening remains clear at 94,-2,3
ok: L15/R94, facing 3/east_gate: 5-wide opening remains clear at 94,-1,0
ok: L15/R94, facing 3/east_gate: 5-wide opening remains clear at 94,-1,1
ok: L15/R94, facing 3/east_gate: 5-wide opening remains clear at 94,-1,2
ok: L15/R94, facing 3/east_gate: 5-wide opening remains clear at 94,-1,3
ok: L15/R94, facing 3/east_gate: 5-wide opening remains clear at 94,0,0
ok: L15/R94, facing 3/east_gate: 5-wide opening remains clear at 94,0,1
ok: L15/R94, facing 3/east_gate: 5-wide opening remains clear at 94,0,2
ok: L15/R94, facing 3/east_gate: 5-wide opening remains clear at 94,0,3
ok: L15/R94, facing 3/east_gate: 5-wide opening remains clear at 94,1,0
ok: L15/R94, facing 3/east_gate: 5-wide opening remains clear at 94,1,1
ok: L15/R94, facing 3/east_gate: 5-wide opening remains clear at 94,1,2
ok: L15/R94, facing 3/east_gate: 5-wide opening remains clear at 94,1,3
ok: L15/R94, facing 3/east_gate: 5-wide opening remains clear at 94,2,0
ok: L15/R94, facing 3/east_gate: 5-wide opening remains clear at 94,2,1
ok: L15/R94, facing 3/east_gate: 5-wide opening remains clear at 94,2,2
ok: L15/R94, facing 3/east_gate: 5-wide opening remains clear at 94,2,3
ok: L15/R94, facing 3/west_gate: 5-wide opening remains clear at -94,-2,0
ok: L15/R94, facing 3/west_gate: 5-wide opening remains clear at -94,-2,1
ok: L15/R94, facing 3/west_gate: 5-wide opening remains clear at -94,-2,2
ok: L15/R94, facing 3/west_gate: 5-wide opening remains clear at -94,-2,3
ok: L15/R94, facing 3/west_gate: 5-wide opening remains clear at -94,-1,0
ok: L15/R94, facing 3/west_gate: 5-wide opening remains clear at -94,-1,1
ok: L15/R94, facing 3/west_gate: 5-wide opening remains clear at -94,-1,2
ok: L15/R94, facing 3/west_gate: 5-wide opening remains clear at -94,-1,3
ok: L15/R94, facing 3/west_gate: 5-wide opening remains clear at -94,0,0
ok: L15/R94, facing 3/west_gate: 5-wide opening remains clear at -94,0,1
ok: L15/R94, facing 3/west_gate: 5-wide opening remains clear at -94,0,2
ok: L15/R94, facing 3/west_gate: 5-wide opening remains clear at -94,0,3
ok: L15/R94, facing 3/west_gate: 5-wide opening remains clear at -94,1,0
ok: L15/R94, facing 3/west_gate: 5-wide opening remains clear at -94,1,1
ok: L15/R94, facing 3/west_gate: 5-wide opening remains clear at -94,1,2
ok: L15/R94, facing 3/west_gate: 5-wide opening remains clear at -94,1,3
ok: L15/R94, facing 3/west_gate: 5-wide opening remains clear at -94,2,0
ok: L15/R94, facing 3/west_gate: 5-wide opening remains clear at -94,2,1
ok: L15/R94, facing 3/west_gate: 5-wide opening remains clear at -94,2,2
ok: L15/R94, facing 3/west_gate: 5-wide opening remains clear at -94,2,3
ok: L15/R94, facing 3/south_gate: 5-wide opening remains clear at -2,94,0
ok: L15/R94, facing 3/south_gate: 5-wide opening remains clear at -2,94,1
ok: L15/R94, facing 3/south_gate: 5-wide opening remains clear at -2,94,2
ok: L15/R94, facing 3/south_gate: 5-wide opening remains clear at -2,94,3
ok: L15/R94, facing 3/south_gate: 5-wide opening remains clear at -1,94,0
ok: L15/R94, facing 3/south_gate: 5-wide opening remains clear at -1,94,1
ok: L15/R94, facing 3/south_gate: 5-wide opening remains clear at -1,94,2
ok: L15/R94, facing 3/south_gate: 5-wide opening remains clear at -1,94,3
ok: L15/R94, facing 3/south_gate: 5-wide opening remains clear at 0,94,0
ok: L15/R94, facing 3/south_gate: 5-wide opening remains clear at 0,94,1
ok: L15/R94, facing 3/south_gate: 5-wide opening remains clear at 0,94,2
ok: L15/R94, facing 3/south_gate: 5-wide opening remains clear at 0,94,3
ok: L15/R94, facing 3/south_gate: 5-wide opening remains clear at 1,94,0
ok: L15/R94, facing 3/south_gate: 5-wide opening remains clear at 1,94,1
ok: L15/R94, facing 3/south_gate: 5-wide opening remains clear at 1,94,2
ok: L15/R94, facing 3/south_gate: 5-wide opening remains clear at 1,94,3
ok: L15/R94, facing 3/south_gate: 5-wide opening remains clear at 2,94,0
ok: L15/R94, facing 3/south_gate: 5-wide opening remains clear at 2,94,1
ok: L15/R94, facing 3/south_gate: 5-wide opening remains clear at 2,94,2
ok: L15/R94, facing 3/south_gate: 5-wide opening remains clear at 2,94,3
ok: L15/R94, facing 3/north_gate: 5-wide opening remains clear at -2,-94,0
ok: L15/R94, facing 3/north_gate: 5-wide opening remains clear at -2,-94,1
ok: L15/R94, facing 3/north_gate: 5-wide opening remains clear at -2,-94,2
ok: L15/R94, facing 3/north_gate: 5-wide opening remains clear at -2,-94,3
ok: L15/R94, facing 3/north_gate: 5-wide opening remains clear at -1,-94,0
ok: L15/R94, facing 3/north_gate: 5-wide opening remains clear at -1,-94,1
ok: L15/R94, facing 3/north_gate: 5-wide opening remains clear at -1,-94,2
ok: L15/R94, facing 3/north_gate: 5-wide opening remains clear at -1,-94,3
ok: L15/R94, facing 3/north_gate: 5-wide opening remains clear at 0,-94,0
ok: L15/R94, facing 3/north_gate: 5-wide opening remains clear at 0,-94,1
ok: L15/R94, facing 3/north_gate: 5-wide opening remains clear at 0,-94,2
ok: L15/R94, facing 3/north_gate: 5-wide opening remains clear at 0,-94,3
ok: L15/R94, facing 3/north_gate: 5-wide opening remains clear at 1,-94,0
ok: L15/R94, facing 3/north_gate: 5-wide opening remains clear at 1,-94,1
ok: L15/R94, facing 3/north_gate: 5-wide opening remains clear at 1,-94,2
ok: L15/R94, facing 3/north_gate: 5-wide opening remains clear at 1,-94,3
ok: L15/R94, facing 3/north_gate: 5-wide opening remains clear at 2,-94,0
ok: L15/R94, facing 3/north_gate: 5-wide opening remains clear at 2,-94,1
ok: L15/R94, facing 3/north_gate: 5-wide opening remains clear at 2,-94,2
ok: L15/R94, facing 3/north_gate: 5-wide opening remains clear at 2,-94,3
ok: L15/R94, facing 3: both three-wide road axes are continuous to every gate
ok: L15/R94, facing 3: rotated construction is locally equivalent to facing 0

=== runtime isolation and narrow-policy source guards ===
ok: defence module does not use full-square terrain helpers
ok: main.js: runtime does not import isolated defence module
ok: village.js: runtime does not import isolated defence module
ok: levels.js: runtime does not import isolated defence module

ALL DEFENCES/ROADS TESTS PASSED (1554 checks)
[SUITE] economy_contract

=== absolute production caps ===
ok: farmer daily constant is 12
ok: farmer storage constant is 64
ok: miner daily constant is 6
ok: miner storage constant is 32
ok: farmer tier 0 keeps daily cap 12
ok: farmer tier 0 keeps storage cap 64
ok: miner tier 0 keeps daily cap 6
ok: miner tier 0 keeps storage cap 32
ok: farmer tier 1 keeps daily cap 12
ok: farmer tier 1 keeps storage cap 64
ok: miner tier 1 keeps daily cap 6
ok: miner tier 1 keeps storage cap 32
ok: farmer tier 2 keeps daily cap 12
ok: farmer tier 2 keeps storage cap 64
ok: miner tier 2 keeps daily cap 6
ok: miner tier 2 keeps storage cap 32
ok: farmer tier 3 keeps daily cap 12
ok: farmer tier 3 keeps storage cap 64
ok: miner tier 3 keeps daily cap 6
ok: miner tier 3 keeps storage cap 32
ok: farmer tier 4 keeps daily cap 12
ok: farmer tier 4 keeps storage cap 64
ok: miner tier 4 keeps daily cap 6
ok: miner tier 4 keeps storage cap 32
ok: farmer tier 5 keeps daily cap 12
ok: farmer tier 5 keeps storage cap 64
ok: miner tier 5 keeps daily cap 6
ok: miner tier 5 keeps storage cap 32
ok: unknown role has no daily production cap
ok: unknown role has no storage production cap

=== miner pool ===
ok: miner table has exactly the approved four entries
ok: miner table contains only approved ordinary resources
ok: miner table contains no forbidden high-value resource
ok: every miner entry has positive integer weight and output bound

=== hard cap under repeated production ticks ===
ok: tier-5 miner never exceeds daily cap after 1000 ticks (6 <= 6)
ok: tier-5 miner never exceeds storage cap after 1000 ticks (6 <= 32)
ok: repeated miner production stays within approved pool

=== full storage stops production ===
ok: tier-5 miner leaves a full 32-item storage unchanged (32)

ALL ECONOMY CONTRACT TESTS PASSED
[SUITE] features

=== biome palettes + exploration candidates ===
ok: five vanilla-style palettes exist (plains, meadow, taiga, savanna, desert)
ok: unknown palette safely falls back to plains
ok: exploration candidate is deterministic per world cell
ok: candidate stays inside its intended generation cell

=== fortification tiers ===
ok: палисад: wall is built from minecraft:oak_log (58/62)
ok: палисад: four corner towers built (4)
ok: палисад: main gateway is passable (0 blocked cells)
ok: булыжник: wall is built from minecraft:cobblestone (58/62)
ok: булыжник: previous tier fully replaced (0 old blocks left)
ok: булыжник: four corner towers built (4)
ok: булыжник: main gateway is passable (0 blocked cells)
ok: замковая: wall is built from minecraft:stone_bricks (58/62)
ok: замковая: previous tier fully replaced (0 old blocks left)
ok: замковая: four corner towers built (4)
ok: замковая: main gateway is passable (0 blocked cells)

=== wall actually encloses the village ===
ok: every plot fits inside the perimeter (0 outside)

=== tower guards ===
ok: level 2 built (Дом фермера)
ok: level 3 built (Кузница)
ok: level 4 built (Дом картографа)
ok: level 5 built (Частокол вокруг деревни)
ok: level 5 raised the palisade
ok: level 5 built 4 watchtowers (4)
ok: a watchman is posted in each tower (4)
ok: every watchman is tethered to his post
ok: iron golems guard the gate (2)

=== farmer production ===
ok: farmer is registered as a worker (1)
ok: farmer has storage in reach
ok: farmer harvests his field into storage (0 -> 5)
ok: farmer respects the daily cap (12 <= 12)
ok: farmer resumes work on the next in-game day

=== miner balance ===
ok: miner produces something over a day (6)
ok: miner output stays within the daily cap, so player mining still matters (6)
ok: miner only yields smelted/refined goods (minecraft:iron_ingot, minecraft:gold_ingot)
ok: miner never produces diamonds

=== quest arcs ===
ok: four quest arcs exist (4)
ok: Фермер: arc has a title ("Земля, которая помнит")
ok: Фермер: arc has 5 steps
ok: Фермер step 1: has a written prompt
ok: Фермер step 1: has a valid objective
ok: Фермер step 1: has a reward
ok: Фермер step 2: has a written prompt
ok: Фермер step 2: has a valid objective
ok: Фермер step 2: has a reward
ok: Фермер step 3: has a written prompt
ok: Фермер step 3: has a valid objective
ok: Фермер step 3: has a reward
ok: Фермер step 4: has a written prompt
ok: Фермер step 4: has a valid objective
ok: Фермер step 4: has a reward
ok: Фермер step 5: has a written prompt
ok: Фермер step 5: has a valid objective
ok: Фермер step 5: has a reward
ok: Фермер: has five ordered physical upgrades (tiers 1-5)
ok: Фермер: discount targets a real level (3)
ok: Фермер: discount item minecraft:iron_ingot is actually required at level 3
ok: Кузнец: arc has a title ("Наковальня, которая молчала")
ok: Кузнец: arc has 5 steps
ok: Кузнец step 1: has a written prompt
ok: Кузнец step 1: has a valid objective
ok: Кузнец step 1: has a reward
ok: Кузнец step 2: has a written prompt
ok: Кузнец step 2: has a valid objective
ok: Кузнец step 2: has a reward
ok: Кузнец step 3: has a written prompt
ok: Кузнец step 3: has a valid objective
ok: Кузнец step 3: has a reward
ok: Кузнец step 4: has a written prompt
ok: Кузнец step 4: has a valid objective
ok: Кузнец step 4: has a reward
ok: Кузнец step 5: has a written prompt
ok: Кузнец step 5: has a valid objective
ok: Кузнец step 5: has a reward
ok: Кузнец: has five ordered physical upgrades (tiers 1-5)
ok: Кузнец: discount targets a real level (4)
ok: Кузнец: discount item minecraft:paper is actually required at level 4
ok: Картограф: arc has a title ("Дороги, которых больше нет")
ok: Картограф: arc has 5 steps
ok: Картограф step 1: has a written prompt
ok: Картограф step 1: has a valid objective
ok: Картограф step 1: has a reward
ok: Картограф step 2: has a written prompt
ok: Картограф step 2: has a valid objective
ok: Картограф step 2: has a reward
ok: Картограф step 3: has a written prompt
ok: Картограф step 3: has a valid objective
ok: Картограф step 3: has a reward
ok: Картограф step 4: has a written prompt
ok: Картограф step 4: has a valid objective
ok: Картограф step 4: has a reward
ok: Картограф step 5: has a written prompt
ok: Картограф step 5: has a valid objective
ok: Картограф step 5: has a reward
ok: Картограф: has five ordered physical upgrades (tiers 1-5)
ok: Картограф: discount targets a real level (6)
ok: Картограф: discount item minecraft:cobblestone is actually required at level 6
ok: Шахтёр: arc has a title ("То, что закрыли изнутри")
ok: Шахтёр: arc has 5 steps
ok: Шахтёр step 1: has a written prompt
ok: Шахтёр step 1: has a valid objective
ok: Шахтёр step 1: has a reward
ok: Шахтёр step 2: has a written prompt
ok: Шахтёр step 2: has a valid objective
ok: Шахтёр step 2: has a reward
ok: Шахтёр step 3: has a written prompt
ok: Шахтёр step 3: has a valid objective
ok: Шахтёр step 3: has a reward
ok: Шахтёр step 4: has a written prompt
ok: Шахтёр step 4: has a valid objective
ok: Шахтёр step 4: has a reward
ok: Шахтёр step 5: has a written prompt
ok: Шахтёр step 5: has a valid objective
ok: Шахтёр step 5: has a reward
ok: Шахтёр: has five ordered physical upgrades (tiers 1-5)
ok: Шахтёр: discount targets a real level (8)
ok: Шахтёр: discount item minecraft:cobblestone is actually required at level 8

=== full progression to level 10 ===
ok: all 14 levels build cleanly (14)
ok: fortifications upgrade palisade -> cobble -> castle (got 1,2,3)
ok: farmer and miner are both working (2)

ALL FEATURE TESTS PASSED
[SUITE] fixes

=== doors ===
ok: plain house facing +X, left plot: lower door half placed (minecraft:wooden_door)
ok: plain house facing +X, left plot: UPPER door half placed (minecraft:wooden_door)
ok: plain house facing +X, left plot: upper half has upper_block_bit
ok: plain house facing +X, left plot: door uses modern cardinal_direction state ({"minecraft:cardinal_direction":"south","upper_block_bit":false,"open_bit":false,"door_hinge_bit":false})
ok: farmer facing +Z, right plot: lower door half placed (minecraft:wooden_door)
ok: farmer facing +Z, right plot: UPPER door half placed (minecraft:wooden_door)
ok: farmer facing +Z, right plot: upper half has upper_block_bit
ok: farmer facing +Z, right plot: door uses modern cardinal_direction state ({"minecraft:cardinal_direction":"west","upper_block_bit":false,"open_bit":false,"door_hinge_bit":false})
ok: blacksmith facing -X, right plot: lower door half placed (minecraft:wooden_door)
ok: blacksmith facing -X, right plot: UPPER door half placed (minecraft:wooden_door)
ok: blacksmith facing -X, right plot: upper half has upper_block_bit
ok: blacksmith facing -X, right plot: door uses modern cardinal_direction state ({"minecraft:cardinal_direction":"south","upper_block_bit":false,"open_bit":false,"door_hinge_bit":false})
ok: cartographer facing -Z, left plot: lower door half placed (minecraft:wooden_door)
ok: cartographer facing -Z, left plot: UPPER door half placed (minecraft:wooden_door)
ok: cartographer facing -Z, left plot: upper half has upper_block_bit
ok: cartographer facing -Z, left plot: door uses modern cardinal_direction state ({"minecraft:cardinal_direction":"west","upper_block_bit":false,"open_bit":false,"door_hinge_bit":false})

=== roof watertightness ===
ok: plain house facing +X, left plot: roof is watertight from inside (0 leaking tiles)
ok: farmer facing +Z, right plot: roof is watertight from inside (0 leaking tiles)
ok: blacksmith facing -X, right plot: roof is watertight from inside (0 leaking tiles)
ok: cartographer facing -Z, left plot: roof is watertight from inside (0 leaking tiles)

=== roof uses real stairs ===
ok: roof contains real stair blocks (48 found)

=== terrain leveling ===
ok: street surface is a single flat level (found 1 heights)
ok: no raw terrain left blocking the street (0)

=== npc tethering ===
ok: elder has a home point recorded
ok: elder is tagged as tethered
ok: elder is pulled back home when it strays (distance now 0.00)
ok: elder is left alone while it stays home

=== gate golems ===
ok: gate spawns a pair of guards (2)
ok: guards are iron golems, not villagers
ok: golems patrol within a 10-block radius of the gate
ok: gateway passage is clear to walk through (0 blocked cells)

=== progression + professions ===
ok: level 2 built (Дом фермера)
ok: level 3 built (Кузница)
ok: level 4 built (Дом картографа)
ok: level 5 built (Частокол вокруг деревни)
ok: level 6 built (Дом шахтёра)
ok: level 7 built (Ещё один жилой дом)
ok: level 8 built (Каменная стена)
ok: level 9 built (Дом ремесленников)
ok: level 10 built (Замковая стена)
ok: level 11 built (Рыночная площадь)
ok: level 12 built (Амбарный двор)
ok: level 13 built (Постоялый двор)
ok: level 14 built (Казармы стражи)
ok: level 15 built (Деревенский архив)
ok: craftsmen were spawned (4)
ok: every craftsman has a claimable job-site block within reach, so vanilla AI can assign his profession (4/4)
ok: every craftsman is tethered to his shop

ALL FIX TESTS PASSED
[SUITE] geometry

--- town hall ---
ok: town hall: walls have no unintended holes (found 0)
ok: town hall: interior floor is fully walkable (found 0 blocked tiles)

--- farmer house (left) ---
ok: farmer house (left): walls have no unintended holes (found 0)
ok: farmer house (left): interior floor is fully walkable (found 0 blocked tiles)

--- blacksmith house (right) ---
ok: blacksmith house (right): walls have no unintended holes (found 0)
ok: blacksmith house (right): interior floor is fully walkable (found 0 blocked tiles)

--- cartographer house, facing +Z ---
ok: cartographer house, facing +Z: walls have no unintended holes (found 0)
ok: cartographer house, facing +Z: interior floor is fully walkable (found 0 blocked tiles)

--- plain house, facing -X ---
ok: plain house, facing -X: walls have no unintended holes (found 0)
ok: plain house, facing -X: interior floor is fully walkable (found 0 blocked tiles)
ok: production plot 12/-10 has a door block
ok: production plot 12/-10 has no unknown block
ok: production plot 12/10 has a door block
ok: production plot 12/10 has no unknown block
ok: production plot -12/-10 has a door block
ok: production plot -12/-10 has no unknown block
ok: production plot -26/10 has a door block
ok: production plot -26/10 has no unknown block
ok: production plot 26/-10 has a door block
ok: production plot 26/-10 has no unknown block
ok: production plot 26/10 has a door block
ok: production plot 26/10 has no unknown block
ok: production plot 38/-10 has a door block
ok: production plot 38/-10 has no unknown block

ALL GEOMETRY TESTS PASSED
[SUITE] integration
ok: village founded with a chest coordinate stored
ok: level 2: chest satisfied before building
ok: level 2: built successfully
ok: level 3: chest satisfied before building
ok: level 3: built successfully
ok: level 4: chest satisfied before building
ok: level 4: built successfully
ok: level 5: chest satisfied before building
ok: level 5: built successfully
ok: level 6: chest satisfied before building
ok: level 6: built successfully
ok: level 7: chest satisfied before building
ok: level 7: built successfully
ok: level 8: chest satisfied before building
ok: level 8: built successfully
ok: level 9: chest satisfied before building
ok: level 9: built successfully
ok: level 10: chest satisfied before building
ok: level 10: built successfully
ok: level 11: chest satisfied before building
ok: level 11: built successfully
ok: level 12: chest satisfied before building
ok: level 12: built successfully
ok: level 13: chest satisfied before building
ok: level 13: built successfully
ok: level 14: chest satisfied before building
ok: level 14: built successfully
ok: level 15: chest satisfied before building
ok: level 15: built successfully
ok: no building's walls were damaged by later construction (found 0 holes total)
ok: no two building plots overlap (found 0)
ok: craftsman houses contain their job-site blocks (4)

ALL INTEGRATION TESTS PASSED
[SUITE] lint

=== early execution safety ===
[BROADCAST] §7[Growing Villages] бета загружена.
ok: deferred start-up runs cleanly on the first tick
ok: main.js loads without touching world APIs during early execution
ok: background loops are still registered after deferred start-up (5)

=== no module-scope world calls ===
ok: no script calls a world API at module scope (0 found)

=== item definitions ===
ok: item definitions exist (11)
ok: oracle_bell.json: has a minecraft:item block
ok: oracle_bell.json: declares an icon
ok: oracle_bell.json: icon uses the current schema, not the deprecated {texture:...} form
ok: oracle_bell.json: icon shortname "village_oracle_bell" is defined in item_texture.json
ok: oracle_bell.json: texture file textures/items/oracle_bell.png exists in the resource pack
ok: oracle_bell.json: has an identifier
ok: oracle_bell.json: appears in a creative menu category
ok: oracle_bell_level_1.json: has a minecraft:item block
ok: oracle_bell_level_1.json: declares an icon
ok: oracle_bell_level_1.json: icon uses the current schema, not the deprecated {texture:...} form
ok: oracle_bell_level_1.json: icon shortname "village_oracle_bell" is defined in item_texture.json
ok: oracle_bell_level_1.json: texture file textures/items/oracle_bell.png exists in the resource pack
ok: oracle_bell_level_1.json: has an identifier
ok: oracle_bell_level_1.json: appears in a creative menu category
ok: oracle_bell_level_10.json: has a minecraft:item block
ok: oracle_bell_level_10.json: declares an icon
ok: oracle_bell_level_10.json: icon uses the current schema, not the deprecated {texture:...} form
ok: oracle_bell_level_10.json: icon shortname "village_oracle_bell" is defined in item_texture.json
ok: oracle_bell_level_10.json: texture file textures/items/oracle_bell.png exists in the resource pack
ok: oracle_bell_level_10.json: has an identifier
ok: oracle_bell_level_10.json: appears in a creative menu category
ok: oracle_bell_level_2.json: has a minecraft:item block
ok: oracle_bell_level_2.json: declares an icon
ok: oracle_bell_level_2.json: icon uses the current schema, not the deprecated {texture:...} form
ok: oracle_bell_level_2.json: icon shortname "village_oracle_bell" is defined in item_texture.json
ok: oracle_bell_level_2.json: texture file textures/items/oracle_bell.png exists in the resource pack
ok: oracle_bell_level_2.json: has an identifier
ok: oracle_bell_level_2.json: appears in a creative menu category
ok: oracle_bell_level_3.json: has a minecraft:item block
ok: oracle_bell_level_3.json: declares an icon
ok: oracle_bell_level_3.json: icon uses the current schema, not the deprecated {texture:...} form
ok: oracle_bell_level_3.json: icon shortname "village_oracle_bell" is defined in item_texture.json
ok: oracle_bell_level_3.json: texture file textures/items/oracle_bell.png exists in the resource pack
ok: oracle_bell_level_3.json: has an identifier
ok: oracle_bell_level_3.json: appears in a creative menu category
ok: oracle_bell_level_4.json: has a minecraft:item block
ok: oracle_bell_level_4.json: declares an icon
ok: oracle_bell_level_4.json: icon uses the current schema, not the deprecated {texture:...} form
ok: oracle_bell_level_4.json: icon shortname "village_oracle_bell" is defined in item_texture.json
ok: oracle_bell_level_4.json: texture file textures/items/oracle_bell.png exists in the resource pack
ok: oracle_bell_level_4.json: has an identifier
ok: oracle_bell_level_4.json: appears in a creative menu category
ok: oracle_bell_level_5.json: has a minecraft:item block
ok: oracle_bell_level_5.json: declares an icon
ok: oracle_bell_level_5.json: icon uses the current schema, not the deprecated {texture:...} form
ok: oracle_bell_level_5.json: icon shortname "village_oracle_bell" is defined in item_texture.json
ok: oracle_bell_level_5.json: texture file textures/items/oracle_bell.png exists in the resource pack
ok: oracle_bell_level_5.json: has an identifier
ok: oracle_bell_level_5.json: appears in a creative menu category
ok: oracle_bell_level_6.json: has a minecraft:item block
ok: oracle_bell_level_6.json: declares an icon
ok: oracle_bell_level_6.json: icon uses the current schema, not the deprecated {texture:...} form
ok: oracle_bell_level_6.json: icon shortname "village_oracle_bell" is defined in item_texture.json
ok: oracle_bell_level_6.json: texture file textures/items/oracle_bell.png exists in the resource pack
ok: oracle_bell_level_6.json: has an identifier
ok: oracle_bell_level_6.json: appears in a creative menu category
ok: oracle_bell_level_7.json: has a minecraft:item block
ok: oracle_bell_level_7.json: declares an icon
ok: oracle_bell_level_7.json: icon uses the current schema, not the deprecated {texture:...} form
ok: oracle_bell_level_7.json: icon shortname "village_oracle_bell" is defined in item_texture.json
ok: oracle_bell_level_7.json: texture file textures/items/oracle_bell.png exists in the resource pack
ok: oracle_bell_level_7.json: has an identifier
ok: oracle_bell_level_7.json: appears in a creative menu category
ok: oracle_bell_level_8.json: has a minecraft:item block
ok: oracle_bell_level_8.json: declares an icon
ok: oracle_bell_level_8.json: icon uses the current schema, not the deprecated {texture:...} form
ok: oracle_bell_level_8.json: icon shortname "village_oracle_bell" is defined in item_texture.json
ok: oracle_bell_level_8.json: texture file textures/items/oracle_bell.png exists in the resource pack
ok: oracle_bell_level_8.json: has an identifier
ok: oracle_bell_level_8.json: appears in a creative menu category
ok: oracle_bell_level_9.json: has a minecraft:item block
ok: oracle_bell_level_9.json: declares an icon
ok: oracle_bell_level_9.json: icon uses the current schema, not the deprecated {texture:...} form
ok: oracle_bell_level_9.json: icon shortname "village_oracle_bell" is defined in item_texture.json
ok: oracle_bell_level_9.json: texture file textures/items/oracle_bell.png exists in the resource pack
ok: oracle_bell_level_9.json: has an identifier
ok: oracle_bell_level_9.json: appears in a creative menu category

=== manifests ===
ok: all pack/module UUIDs are distinct (5/5)
ok: behaviour pack depends on the matching resource pack
ok: dependency version matches the resource pack version ([0,5,0] vs [0,5,0])
ok: behaviour pack declares a script module
ok: script entry points at main.js (scripts/main.js)
ok: @minecraft/server uses a stable version (2.0.0)
ok: @minecraft/server-ui uses a stable version (2.0.0)

ALL LINT CHECKS PASSED
[SUITE] localization_chapters

=== localisation key parity ===
ok: both language files define Growing Villages journal keys
ok: RU and EN have an identical growing_villages key-name set
ok: every journal key has non-empty RU and EN text

=== model and UI localisation references ===
ok: level 1 model uses namespaced chapter localisation keys
ok: level 2 model uses namespaced chapter localisation keys
ok: level 3 model uses namespaced chapter localisation keys
ok: level 4 model uses namespaced chapter localisation keys
ok: level 5 model uses namespaced chapter localisation keys
ok: level 6 model uses namespaced chapter localisation keys
ok: level 7 model uses namespaced chapter localisation keys
ok: level 8 model uses namespaced chapter localisation keys
ok: level 9 model uses namespaced chapter localisation keys
ok: level 10 model uses namespaced chapter localisation keys
FAIL: every localisation key referenced by journal models exists in both languages
ok: journal localisation references contain only stable key tokens

=== localisation content scope ===
ok: journal localisation does not present levels 11-15 as active beta UI
ok: journal localisation does not promise rewards, turn-ins or services

1 CHAPTER LOCALISATION TEST(S) FAILED
[SUITE] orientation
ok: town hall: at least one facing-appliance was found to check
ok: town hall: all 1 appliances open into the room, not the wall
ok: plain house, right plot, facing +X: at least one facing-appliance was found to check
ok: plain house, right plot, facing +X: all 1 appliances open into the room, not the wall
ok: plain house, left plot, facing +X: at least one facing-appliance was found to check
ok: plain house, left plot, facing +X: all 1 appliances open into the room, not the wall
ok: farmer, right plot, facing +Z: at least one facing-appliance was found to check
ok: farmer, right plot, facing +Z: all 1 appliances open into the room, not the wall
ok: farmer, left plot, facing +Z: at least one facing-appliance was found to check
ok: farmer, left plot, facing +Z: all 1 appliances open into the room, not the wall
ok: blacksmith, right plot, facing -X: at least one facing-appliance was found to check
ok: blacksmith, right plot, facing -X: all 3 appliances open into the room, not the wall
ok: blacksmith, left plot, facing -X: at least one facing-appliance was found to check
ok: blacksmith, left plot, facing -X: all 3 appliances open into the room, not the wall
ok: cartographer, right plot, facing -Z: at least one facing-appliance was found to check
ok: cartographer, right plot, facing -Z: all 2 appliances open into the room, not the wall
ok: cartographer, left plot, facing -Z: at least one facing-appliance was found to check
ok: cartographer, left plot, facing -Z: all 2 appliances open into the room, not the wall
ok: miner, right plot, facing +X: at least one facing-appliance was found to check
ok: miner, right plot, facing +X: all 4 appliances open into the room, not the wall
ok: miner, left plot, facing +X: at least one facing-appliance was found to check
ok: miner, left plot, facing +X: all 4 appliances open into the room, not the wall
ok: enough appliances were actually scanned to mean something (23)

ALL ORIENTATION TESTS PASSED
[SUITE] polish

=== golem repair ===
ok: repair refused without an iron ingot
ok: golem is not healed when the player has no ingot
ok: repair succeeds with an ingot in the inventory
ok: golem healed by 25 (now 65)
ok: exactly one ingot was consumed (2 left)
ok: golem reaches full health (100)
ok: repair refuses on an undamaged golem
ok: no ingot is wasted on a healthy golem
ok: healing is clamped to max health (100)

=== gate signboard ===
ok: village names vary (43 distinct out of 50 rolls)
ok: village was given a name ("Нижний Луг")
ok: a sign block stands by the gate (minecraft:standing_sign)
ok: sign has text written on it
ok: sign shows the village name ("Нижний Луг\nУровень 1\nБез укреплений\nСтроится")
ok: sign shows the current level
ok: sign updates as the village grows ("Нижний Луг\nУровень 5\nЧастокол\nСтроится")
ok: sign reports the fortification tier

=== tether radius no longer fights vanilla sleep AI ===
ok: found a craftsman, a watchman and a golem to test
ok: craftsman radius comfortably covers job site and bed (12)
ok: craftsman within radius (mid-transit to bed) is not yanked at time 6000
ok: craftsman within radius (mid-transit to bed) is not yanked at time 18000
ok: craftsman within radius (mid-transit to bed) is not yanked at time 13500
ok: craftsman within radius (mid-transit to bed) is not yanked at time 22000
ok: a villager who strays past the (constant) radius still gets pulled back
ok: the watchman keeps his post at night
ok: the iron golem still patrols at night

=== interiors ===
ok: жилой дом: interior is properly furnished (15 pieces)
ok: жилой дом: has a bed
ok: жилой дом: has storage
ok: жилой дом: is lit inside (no mob spawns)
ok: дом фермера: interior is properly furnished (16 pieces)
ok: дом фермера: has a bed
ok: дом фермера: has storage
ok: дом фермера: is lit inside (no mob spawns)
ok: кузница: interior is properly furnished (15 pieces)
ok: кузница: has a bed
ok: кузница: has storage
ok: кузница: is lit inside (no mob spawns)
ok: дом картографа: interior is properly furnished (13 pieces)
ok: дом картографа: has a bed
ok: дом картографа: has storage
ok: дом картографа: is lit inside (no mob spawns)
ok: дом шахтёра: interior is properly furnished (14 pieces)
ok: дом шахтёра: has a bed
ok: дом шахтёра: has storage
ok: дом шахтёра: is lit inside (no mob spawns)
ok: дом фермера: reads distinctly from a plain house (4 unique fittings)
ok: кузница: reads distinctly from a plain house (7 unique fittings)
ok: дом картографа: reads distinctly from a plain house (4 unique fittings)
ok: дом шахтёра: reads distinctly from a plain house (5 unique fittings)

=== miner's mine head placement ===
ok: mine head never spills into the street (0 blocks in the road)
ok: the shaft is climbable (7 ladder rungs)
ok: mine head stays inside the future wall line (0)

ALL POLISH TESTS PASSED
[SUITE] progression_guard

=== current progression contract ===
FAIL: actual runtime maximum level remains 10
FAIL: LEVELS contains only actual build levels 2 through 10
FAIL: future contract levels are absent from actual build runtime

=== legacy forward geometry ===
ok: legacy maxForward L1 remains 12
ok: legacy maxForward L2 remains 12
ok: legacy maxForward L3 remains 12
ok: legacy maxForward L4 remains 12
ok: legacy maxForward L5 remains 12
ok: legacy maxForward L6 remains 12
ok: legacy maxForward L7 remains 12
ok: legacy maxForward L8 remains 26
ok: legacy maxForward L9 remains 26
ok: legacy maxForward L10 remains 38
ok: runtime forward extent does not include future R94 city walls or roads

=== city and chapter isolation ===
FAIL: ./scripts/levels.js does not import city_buildings_11_15.js
ok: ./scripts/village.js does not import city_buildings_11_15.js
ok: ./scripts/main.js does not import city_buildings_11_15.js
ok: chapter runtime guard remains at level 10
ok: chapter data can still describe future level 11
ok: normal runtime refuses to activate chapter above level 10
ok: future chapter refusal produces no dynamic-property write

=== no world side effects ===
ok: guard uses only imported data and pure helpers, not world, production, NPC or builders

4 PROGRESSION GUARD TEST(S) FAILED
[SUITE] quest_availability

=== chapter lookup boundaries ===
ok: level 1 resolves to its chapter
ok: level 2 resolves to its chapter
ok: level 3 resolves to its chapter
ok: level 4 resolves to its chapter
ok: level 5 resolves to its chapter
ok: level 6 resolves to its chapter
ok: level 7 resolves to its chapter
ok: level 8 resolves to its chapter
ok: level 9 resolves to its chapter
ok: level 10 resolves to its chapter
ok: level 11 resolves to its chapter
ok: level 12 resolves to its chapter
ok: level 13 resolves to its chapter
ok: level 14 resolves to its chapter
ok: level 15 resolves to its chapter
ok: level 16 resolves to its chapter
ok: level 17 resolves to its chapter
ok: level 18 resolves to its chapter
ok: level 19 resolves to its chapter
ok: level 20 resolves to its chapter
ok: invalid chapter level 0 resolves to null
ok: invalid chapter level -1 resolves to null
ok: invalid chapter level 1.5 resolves to null
ok: invalid chapter level 20.5 resolves to null
ok: invalid chapter level 21 resolves to null
ok: invalid chapter level 1 resolves to null
ok: invalid chapter level null resolves to null
ok: invalid chapter level undefined resolves to null
ok: invalid chapter level NaN resolves to null
ok: chapters 1-15 have stable IDs, data shape, localisation and marker-only completion

=== availability metadata ===
ok: level 1 opens no quest metadata
ok: level 2 opens farmer metadata
ok: level 3 adds blacksmith metadata
ok: level 4 adds cartographer metadata
ok: level 5 opens no extra craftsman metadata
ok: level 6 adds miner metadata
ok: level 7 preserves available craftsman metadata
ok: level 8 exposes only the metadata IDs of all three special arcs
ok: level 8 does not mark special finals ready
ok: level 14 does not mark special finals ready
ok: level 15 marks all special finals ready in metadata
ok: higher contract levels retain final-ready metadata
ok: invalid availability level 0 returns no arcs
ok: invalid final-ready level 0 returns no arcs
ok: invalid availability level -1 returns no arcs
ok: invalid final-ready level -1 returns no arcs
ok: invalid availability level 1.5 returns no arcs
ok: invalid final-ready level 1.5 returns no arcs
ok: invalid availability level 8 returns no arcs
ok: invalid final-ready level 8 returns no arcs
ok: invalid availability level null returns no arcs
ok: invalid final-ready level null returns no arcs
ok: invalid availability level undefined returns no arcs
ok: invalid final-ready level undefined returns no arcs
ok: availability data contains four legacy roles and three special arcs
ok: special metadata does not expose a direct builder instruction

=== contract validation ===
ok: extended quest contract validates without errors
ok: validator diagnoses duplicate availability metadata

ALL QUEST AVAILABILITY TESTS PASSED
[SUITE] quest_contract_v2

=== schema and level chapters ===
ok: quest schema version is 2
ok: all 22 canonical building IDs are declared
ok: canonical building IDs are unique
ok: exactly 20 level chapters exist
ok: level chapters cover 1 through 20 without gaps or duplicates
ok: chapter IDs are unique
ok: chapter IDs use a stable namespace
ok: every chapter references one canonical building ID
ok: every chapter has giver, objective type and repeat policy
ok: every chapter user-facing field is a growing_villages localisation key
ok: chapter completion data contains only future marker descriptions
ok: level 1 primary building is town_hall
ok: level 1 declares all three allowed starter building IDs
ok: level 16 resolves to ranger_lodge
ok: level 17 resolves to mercy_infirmary
ok: level 18 resolves to engineer_workshop
ok: out-of-range levels resolve to null

=== canonical building coverage ===
ok: new data contains no non-canonical building alias
ok: every canonical building ID is used by the 1-20 chapter data

=== special arcs ===
ok: exactly three special arcs exist
ok: special arc IDs are unique
ok: special arc IDs use a stable namespace
ok: special.ranger.trail: is an approved special arc
ok: special.ranger.trail: has the approved level gate
ok: special.ranger.trail: uses the approved ready-to-build ID
ok: special.ranger.trail: has exactly three steps
ok: special.ranger.trail: ready-to-build ID is canonical
ok: special.ranger.trail: final state is ready_to_build only
ok: special.ranger.trail: has no direct builder hook
ok: special.ranger.trail: has only localisation keys
ok: special.ranger.trail/step.1: has a testable inventory objective
ok: special.ranger.trail/step.1: requirements are concrete positive Minecraft item amounts
ok: special.ranger.trail/step.1: has only localisation keys
ok: special.ranger.trail/step.2: has a testable inventory objective
ok: special.ranger.trail/step.2: requirements are concrete positive Minecraft item amounts
ok: special.ranger.trail/step.2: has only localisation keys
ok: special.ranger.trail/step.3: has a testable inventory objective
ok: special.ranger.trail/step.3: requirements are concrete positive Minecraft item amounts
ok: special.ranger.trail/step.3: has only localisation keys
ok: special.healer.oath: is an approved special arc
ok: special.healer.oath: has the approved level gate
ok: special.healer.oath: uses the approved ready-to-build ID
ok: special.healer.oath: has exactly three steps
ok: special.healer.oath: ready-to-build ID is canonical
ok: special.healer.oath: final state is ready_to_build only
ok: special.healer.oath: has no direct builder hook
ok: special.healer.oath: has only localisation keys
ok: special.healer.oath/step.1: has a testable inventory objective
ok: special.healer.oath/step.1: requirements are concrete positive Minecraft item amounts
ok: special.healer.oath/step.1: has only localisation keys
ok: special.healer.oath/step.2: has a testable inventory objective
ok: special.healer.oath/step.2: requirements are concrete positive Minecraft item amounts
ok: special.healer.oath/step.2: has only localisation keys
ok: special.healer.oath/step.3: has a testable inventory objective
ok: special.healer.oath/step.3: requirements are concrete positive Minecraft item amounts
ok: special.healer.oath/step.3: has only localisation keys
ok: special.engineer.axis: is an approved special arc
ok: special.engineer.axis: has the approved level gate
ok: special.engineer.axis: uses the approved ready-to-build ID
ok: special.engineer.axis: has exactly three steps
ok: special.engineer.axis: ready-to-build ID is canonical
ok: special.engineer.axis: final state is ready_to_build only
ok: special.engineer.axis: has no direct builder hook
ok: special.engineer.axis: has only localisation keys
ok: special.engineer.axis/step.1: has a testable inventory objective
ok: special.engineer.axis/step.1: requirements are concrete positive Minecraft item amounts
ok: special.engineer.axis/step.1: has only localisation keys
ok: special.engineer.axis/step.2: has a testable inventory objective
ok: special.engineer.axis/step.2: requirements are concrete positive Minecraft item amounts
ok: special.engineer.axis/step.2: has only localisation keys
ok: special.engineer.axis/step.3: has a testable inventory objective
ok: special.engineer.axis/step.3: requirements are concrete positive Minecraft item amounts
ok: special.engineer.axis/step.3: has only localisation keys

=== legacy mapping ===
ok: quest_step: migration target is documented
ok: quest_step: migration forbids reward regrant
ok: discounts: migration target is documented
ok: discounts: migration forbids reward regrant
ok: specialQuest: migration target is documented
ok: specialQuest: migration forbids reward regrant
ok: specialBuiltAliases: migration target is documented
ok: specialBuiltAliases: migration forbids reward regrant
ok: legacy special building aliases map only to canonical IDs

=== validator ===
ok: current quest contract validates with zero errors
ok: validator rejects an artificial damaged contract clone
ok: validator reports a diagnostic for the damaged building ID

ALL QUEST CONTRACT V2 TESTS PASSED
[SUITE] quest_upgrades

=== farmer quest visual progression ===
ok: tier 1 applies: Большое поле
ok: tier 1 persists on farmer
ok: tier 2 applies: Курятник
ok: tier 2 persists on farmer
ok: tier 3 applies: Коровник
ok: tier 3 persists on farmer
ok: tier 4 applies: Свинарник
ok: tier 4 persists on farmer
ok: tier 5 applies: Амбарный двор
ok: tier 5 persists on farmer
ok: chicken coop spawns chickens
ok: cow barn spawns cows
ok: pig pen spawns pigs
ok: pig pen has a mud feature
ok: farmer upgrade stays within the future wall line
ok: completed upgrade is not rebuilt twice

ALL QUEST UPGRADE TESTS PASSED
[SUITE] roof
ok: town hall: roof has full coverage, no gaps (found 0)
ok: farmer house: roof has full coverage, no gaps (found 0)
ok: blacksmith house: roof has full coverage, no gaps (found 0)
ok: cartographer house: roof has full coverage, no gaps (found 0)
ok: plain house: roof has full coverage, no gaps (found 0)
ok: town hall: roof volume is a genuinely solid wedge, no hollow pockets (found 0)
ok: farmer house: roof volume is a genuinely solid wedge, no hollow pockets (found 0)
ok: blacksmith house: roof volume is a genuinely solid wedge, no hollow pockets (found 0)
ok: cartographer house: roof volume is a genuinely solid wedge, no hollow pockets (found 0)
ok: plain house: roof volume is a genuinely solid wedge, no hollow pockets (found 0)
ok: town hall: roof slope at side 2 faces outward (north)
ok: town hall: roof slope at side 10 faces outward (south)
ok: farmer house: roof slope at side -9 faces outward (north)
ok: farmer house: roof slope at side -3 faces outward (south)
ok: blacksmith house: roof slope at side 3 faces outward (south)
ok: blacksmith house: roof slope at side 9 faces outward (north)
ok: cartographer house: roof slope at side -9 faces outward (west)
ok: cartographer house: roof slope at side -3 faces outward (east)
ok: plain house: roof slope at side -9 faces outward (east)
ok: plain house: roof slope at side -3 faces outward (west)
ok: roof slopes face outward from the ridge in all four orientations

ALL ROOF TESTS PASSED
[SUITE] round2

=== tower has a real entrance ===
ok: a two-block door (both halves) stands through the tower's outer wall at ground level
ok: the ladder is reachable just inside the door

=== tower uses framed post+infill construction ===
ok: tower shaft wall uses more than one material (found: minecraft:oak_log, minecraft:oak_planks, minecraft:wooden_door)

=== crop patch is reachable ===
ok: crop patch fence has at least one opening on each long side (found 2)

=== wall never needs to grow through a later building ===
ok: the perimeter is identical regardless of which fortify level triggered it
ok: every level's plot fits inside the full-size perimeter (0 outside)

=== golems spawn once, not once per fortify tier ===
ok: exactly one golem pair exists after all three fortify tiers (2)

=== flower pots use a real Bedrock block id ===
ok: farmer house places a real minecraft:flower_pot (not a Java-style potted_X id)

ALL ROUND-2-FIX TESTS PASSED
[SUITE] run
ok: toWorld: y offset applies (facing 0)
ok: toWorld: left/right differ (facing 0)
ok: toWorld: y offset applies (facing 1)
ok: toWorld: left/right differ (facing 1)
ok: toWorld: y offset applies (facing 2)
ok: toWorld: left/right differ (facing 2)
ok: toWorld: y offset applies (facing 3)
ok: toWorld: left/right differ (facing 3)
ok: facingFromDirection +X
ok: facingFromDirection -X
ok: facingFromDirection +Z
ok: facingFromDirection -Z
ok: foundVillage returns an elder entity
ok: village starts at level 1
ok: town hall chest block was placed
ok: level 2: empty chest correctly reports not-done
ok: level 2: full chest reports done
ok: level 2: tryLevelUp advanced the village
ok: level 2: elder dynamic property updated
ok: level 2: chest was fully consumed
ok: level 3: empty chest correctly reports not-done
ok: level 3: full chest reports done
ok: level 3: tryLevelUp advanced the village
ok: level 3: elder dynamic property updated
ok: level 3: chest was fully consumed
ok: level 4: empty chest correctly reports not-done
ok: level 4: full chest reports done
ok: level 4: tryLevelUp advanced the village
ok: level 4: elder dynamic property updated
ok: level 4: chest was fully consumed
ok: level 5: empty chest correctly reports not-done
ok: level 5: full chest reports done
ok: level 5: tryLevelUp advanced the village
ok: level 5: elder dynamic property updated
ok: level 5: chest was fully consumed
ok: level 6: empty chest correctly reports not-done
ok: level 6: full chest reports done
ok: level 6: tryLevelUp advanced the village
ok: level 6: elder dynamic property updated
ok: level 6: chest was fully consumed
ok: level 7: empty chest correctly reports not-done
ok: level 7: full chest reports done
ok: level 7: tryLevelUp advanced the village
ok: level 7: elder dynamic property updated
ok: level 7: chest was fully consumed
ok: level 8: empty chest correctly reports not-done
ok: level 8: full chest reports done
ok: level 8: tryLevelUp advanced the village
ok: level 8: elder dynamic property updated
ok: level 8: chest was fully consumed
ok: level 9: empty chest correctly reports not-done
ok: level 9: full chest reports done
ok: level 9: tryLevelUp advanced the village
ok: level 9: elder dynamic property updated
ok: level 9: chest was fully consumed
ok: level 10: empty chest correctly reports not-done
ok: level 10: full chest reports done
ok: level 10: tryLevelUp advanced the village
ok: level 10: elder dynamic property updated
ok: level 10: chest was fully consumed
ok: level 11: empty chest correctly reports not-done
ok: level 11: full chest reports done
ok: level 11: tryLevelUp advanced the village
ok: level 11: elder dynamic property updated
ok: level 11: chest was fully consumed
ok: level 12: empty chest correctly reports not-done
ok: level 12: full chest reports done
ok: level 12: tryLevelUp advanced the village
ok: level 12: elder dynamic property updated
ok: level 12: chest was fully consumed
ok: level 13: empty chest correctly reports not-done
ok: level 13: full chest reports done
ok: level 13: tryLevelUp advanced the village
ok: level 13: elder dynamic property updated
ok: level 13: chest was fully consumed
ok: level 14: empty chest correctly reports not-done
ok: level 14: full chest reports done
ok: level 14: tryLevelUp advanced the village
ok: level 14: elder dynamic property updated
ok: level 14: chest was fully consumed
ok: level 15: empty chest correctly reports not-done
ok: level 15: full chest reports done
ok: level 15: tryLevelUp advanced the village
ok: level 15: elder dynamic property updated
ok: level 15: chest was fully consumed
ok: past max beta level reports finished, no crash
Деревня достигла максимума этой бета-версии (уровень 15 из 15). Следующие уровни появятся в будущих обновлениях мода.
ok: quest step 1: fails cleanly with no items
ok: quest step 1: succeeds, chain not yet complete
ok: quest step 1: no discount granted mid-chain
ok: quest step 2: succeeds, chain still not complete
ok: quest step 3: unlocks the third craftsman upgrade
ok: quest step 3: final discount is not granted early
ok: quest step 4: succeeds, chain continues
ok: quest step 5: completes the chain and unlocks the final upgrade
ok: quest chain completion recorded the correct discount amount
ok: quest chain does not restart after completion
ok: a different profession's quest fails cleanly against the wrong NPC state
ok: findNearestElder finds the elder within range
ok: findNearestElder returns null outside range

ALL TESTS PASSED
[SUITE] spatial_plan

=== spatial plan exports and completeness ===
ok: FINAL_RADIUS is the approved R94 allocation boundary
ok: WALL_INNER_FACE is the approved inner curtain coordinate
ok: TOWER_INNER_FACE is the approved inner tower coordinate
ok: all canonical 1–20 building IDs are present exactly once (22)
ok: canonical building IDs are unique
ok: all separate L1 building IDs exist
ok: L20 grand_council_hall exists
ok: farmer retains a future quest reserve
ok: blacksmith retains a future quest reserve
ok: cartographer retains a future quest reserve
ok: miner retains a future quest reserve
ok: unknown building IDs return null
ok: town_hall: has at least one allocation envelope
ok: town_hall/core: bounds are valid integers
ok: campfire: has at least one allocation envelope
ok: campfire/core: bounds are valid integers
ok: starter_house: has at least one allocation envelope
ok: starter_house/core: bounds are valid integers
ok: farmer_homestead: has at least one allocation envelope
ok: farmer_homestead/core: bounds are valid integers
ok: farmer_homestead/farmer_quest_annex: bounds are valid integers
ok: blacksmith_forge: has at least one allocation envelope
ok: blacksmith_forge/core: bounds are valid integers
ok: blacksmith_forge/blacksmith_quest_yard: bounds are valid integers
ok: cartographer_house: has at least one allocation envelope
ok: cartographer_house/core: bounds are valid integers
ok: cartographer_house/cartographer_quest_annex: bounds are valid integers
ok: fortification_palisade: has at least one allocation envelope
ok: fortification_palisade/core: bounds are valid integers
ok: miner_house: has at least one allocation envelope
ok: miner_house/core: bounds are valid integers
ok: miner_house/miner_quest_yard: bounds are valid integers
ok: resident_house: has at least one allocation envelope
ok: resident_house/core: bounds are valid integers
ok: fortification_cobble: has at least one allocation envelope
ok: fortification_cobble/core: bounds are valid integers
ok: artisan_house: has at least one allocation envelope
ok: artisan_house/core: bounds are valid integers
ok: fortification_castle: has at least one allocation envelope
ok: fortification_castle/core: bounds are valid integers
ok: market_square: has at least one allocation envelope
ok: market_square/core: bounds are valid integers
ok: granary_yard: has at least one allocation envelope
ok: granary_yard/core: bounds are valid integers
ok: travellers_inn: has at least one allocation envelope
ok: travellers_inn/core: bounds are valid integers
ok: guard_barracks: has at least one allocation envelope
ok: guard_barracks/core: bounds are valid integers
ok: village_archive: has at least one allocation envelope
ok: village_archive/core: bounds are valid integers
ok: ranger_lodge: has at least one allocation envelope
ok: ranger_lodge/core: bounds are valid integers
ok: mercy_infirmary: has at least one allocation envelope
ok: mercy_infirmary/core: bounds are valid integers
ok: engineer_workshop: has at least one allocation envelope
ok: engineer_workshop/core: bounds are valid integers
ok: commons_infrastructure: has at least one allocation envelope
ok: commons_infrastructure/core: bounds are valid integers
ok: grand_council_hall: has at least one allocation envelope
ok: grand_council_hall/core: bounds are valid integers

=== allocation overlap and road safety ===
ok: town_hall/core does not overlap campfire/core
ok: town_hall/core does not overlap starter_house/core
ok: town_hall/core does not overlap farmer_homestead/core
ok: town_hall/core does not overlap farmer_homestead/farmer_quest_annex
ok: town_hall/core does not overlap blacksmith_forge/core
ok: town_hall/core does not overlap blacksmith_forge/blacksmith_quest_yard
ok: town_hall/core does not overlap cartographer_house/core
ok: town_hall/core does not overlap cartographer_house/cartographer_quest_annex
ok: town_hall/core does not overlap fortification_palisade/core
ok: town_hall/core does not overlap miner_house/core
ok: town_hall/core does not overlap miner_house/miner_quest_yard
ok: town_hall/core does not overlap resident_house/core
ok: town_hall/core does not overlap fortification_cobble/core
ok: town_hall/core does not overlap artisan_house/core
ok: town_hall/core does not overlap fortification_castle/core
ok: town_hall/core does not overlap market_square/core
ok: town_hall/core does not overlap granary_yard/core
ok: town_hall/core does not overlap travellers_inn/core
ok: town_hall/core does not overlap guard_barracks/core
ok: town_hall/core does not overlap village_archive/core
ok: town_hall/core does not overlap ranger_lodge/core
ok: town_hall/core does not overlap mercy_infirmary/core
ok: town_hall/core does not overlap engineer_workshop/core
ok: town_hall/core does not overlap commons_infrastructure/core
ok: town_hall/core does not overlap grand_council_hall/core
ok: campfire/core does not overlap starter_house/core
ok: campfire/core does not overlap farmer_homestead/core
ok: campfire/core does not overlap farmer_homestead/farmer_quest_annex
ok: campfire/core does not overlap blacksmith_forge/core
ok: campfire/core does not overlap blacksmith_forge/blacksmith_quest_yard
ok: campfire/core does not overlap cartographer_house/core
ok: campfire/core does not overlap cartographer_house/cartographer_quest_annex
ok: campfire/core does not overlap fortification_palisade/core
ok: campfire/core does not overlap miner_house/core
ok: campfire/core does not overlap miner_house/miner_quest_yard
ok: campfire/core does not overlap resident_house/core
ok: campfire/core does not overlap fortification_cobble/core
ok: campfire/core does not overlap artisan_house/core
ok: campfire/core does not overlap fortification_castle/core
ok: campfire/core does not overlap market_square/core
ok: campfire/core does not overlap granary_yard/core
ok: campfire/core does not overlap travellers_inn/core
ok: campfire/core does not overlap guard_barracks/core
ok: campfire/core does not overlap village_archive/core
ok: campfire/core does not overlap ranger_lodge/core
ok: campfire/core does not overlap mercy_infirmary/core
ok: campfire/core does not overlap engineer_workshop/core
ok: campfire/core does not overlap commons_infrastructure/core
ok: campfire/core does not overlap grand_council_hall/core
ok: starter_house/core does not overlap farmer_homestead/core
ok: starter_house/core does not overlap farmer_homestead/farmer_quest_annex
ok: starter_house/core does not overlap blacksmith_forge/core
ok: starter_house/core does not overlap blacksmith_forge/blacksmith_quest_yard
ok: starter_house/core does not overlap cartographer_house/core
ok: starter_house/core does not overlap cartographer_house/cartographer_quest_annex
ok: starter_house/core does not overlap fortification_palisade/core
ok: starter_house/core does not overlap miner_house/core
ok: starter_house/core does not overlap miner_house/miner_quest_yard
ok: starter_house/core does not overlap resident_house/core
ok: starter_house/core does not overlap fortification_cobble/core
ok: starter_house/core does not overlap artisan_house/core
ok: starter_house/core does not overlap fortification_castle/core
ok: starter_house/core does not overlap market_square/core
ok: starter_house/core does not overlap granary_yard/core
ok: starter_house/core does not overlap travellers_inn/core
ok: starter_house/core does not overlap guard_barracks/core
ok: starter_house/core does not overlap village_archive/core
ok: starter_house/core does not overlap ranger_lodge/core
ok: starter_house/core does not overlap mercy_infirmary/core
ok: starter_house/core does not overlap engineer_workshop/core
ok: starter_house/core does not overlap commons_infrastructure/core
ok: starter_house/core does not overlap grand_council_hall/core
ok: farmer_homestead/core does not overlap blacksmith_forge/core
ok: farmer_homestead/core does not overlap blacksmith_forge/blacksmith_quest_yard
ok: farmer_homestead/core does not overlap cartographer_house/core
ok: farmer_homestead/core does not overlap cartographer_house/cartographer_quest_annex
ok: farmer_homestead/core does not overlap fortification_palisade/core
ok: farmer_homestead/core does not overlap miner_house/core
ok: farmer_homestead/core does not overlap miner_house/miner_quest_yard
ok: farmer_homestead/core does not overlap resident_house/core
ok: farmer_homestead/core does not overlap fortification_cobble/core
ok: farmer_homestead/core does not overlap artisan_house/core
ok: farmer_homestead/core does not overlap fortification_castle/core
ok: farmer_homestead/core does not overlap market_square/core
ok: farmer_homestead/core does not overlap granary_yard/core
ok: farmer_homestead/core does not overlap travellers_inn/core
ok: farmer_homestead/core does not overlap guard_barracks/core
ok: farmer_homestead/core does not overlap village_archive/core
ok: farmer_homestead/core does not overlap ranger_lodge/core
ok: farmer_homestead/core does not overlap mercy_infirmary/core
ok: farmer_homestead/core does not overlap engineer_workshop/core
ok: farmer_homestead/core does not overlap commons_infrastructure/core
ok: farmer_homestead/core does not overlap grand_council_hall/core
ok: farmer_homestead/farmer_quest_annex does not overlap blacksmith_forge/core
ok: farmer_homestead/farmer_quest_annex does not overlap blacksmith_forge/blacksmith_quest_yard
ok: farmer_homestead/farmer_quest_annex does not overlap cartographer_house/core
ok: farmer_homestead/farmer_quest_annex does not overlap cartographer_house/cartographer_quest_annex
ok: farmer_homestead/farmer_quest_annex does not overlap fortification_palisade/core
ok: farmer_homestead/farmer_quest_annex does not overlap miner_house/core
ok: farmer_homestead/farmer_quest_annex does not overlap miner_house/miner_quest_yard
ok: farmer_homestead/farmer_quest_annex does not overlap resident_house/core
ok: farmer_homestead/farmer_quest_annex does not overlap fortification_cobble/core
ok: farmer_homestead/farmer_quest_annex does not overlap artisan_house/core
ok: farmer_homestead/farmer_quest_annex does not overlap fortification_castle/core
ok: farmer_homestead/farmer_quest_annex does not overlap market_square/core
ok: farmer_homestead/farmer_quest_annex does not overlap granary_yard/core
ok: farmer_homestead/farmer_quest_annex does not overlap travellers_inn/core
ok: farmer_homestead/farmer_quest_annex does not overlap guard_barracks/core
ok: farmer_homestead/farmer_quest_annex does not overlap village_archive/core
ok: farmer_homestead/farmer_quest_annex does not overlap ranger_lodge/core
ok: farmer_homestead/farmer_quest_annex does not overlap mercy_infirmary/core
ok: farmer_homestead/farmer_quest_annex does not overlap engineer_workshop/core
ok: farmer_homestead/farmer_quest_annex does not overlap commons_infrastructure/core
ok: farmer_homestead/farmer_quest_annex does not overlap grand_council_hall/core
ok: blacksmith_forge/core does not overlap cartographer_house/core
ok: blacksmith_forge/core does not overlap cartographer_house/cartographer_quest_annex
ok: blacksmith_forge/core does not overlap fortification_palisade/core
ok: blacksmith_forge/core does not overlap miner_house/core
ok: blacksmith_forge/core does not overlap miner_house/miner_quest_yard
ok: blacksmith_forge/core does not overlap resident_house/core
ok: blacksmith_forge/core does not overlap fortification_cobble/core
ok: blacksmith_forge/core does not overlap artisan_house/core
ok: blacksmith_forge/core does not overlap fortification_castle/core
ok: blacksmith_forge/core does not overlap market_square/core
ok: blacksmith_forge/core does not overlap granary_yard/core
ok: blacksmith_forge/core does not overlap travellers_inn/core
ok: blacksmith_forge/core does not overlap guard_barracks/core
ok: blacksmith_forge/core does not overlap village_archive/core
ok: blacksmith_forge/core does not overlap ranger_lodge/core
ok: blacksmith_forge/core does not overlap mercy_infirmary/core
ok: blacksmith_forge/core does not overlap engineer_workshop/core
ok: blacksmith_forge/core does not overlap commons_infrastructure/core
ok: blacksmith_forge/core does not overlap grand_council_hall/core
ok: blacksmith_forge/blacksmith_quest_yard does not overlap cartographer_house/core
ok: blacksmith_forge/blacksmith_quest_yard does not overlap cartographer_house/cartographer_quest_annex
ok: blacksmith_forge/blacksmith_quest_yard does not overlap fortification_palisade/core
ok: blacksmith_forge/blacksmith_quest_yard does not overlap miner_house/core
ok: blacksmith_forge/blacksmith_quest_yard does not overlap miner_house/miner_quest_yard
ok: blacksmith_forge/blacksmith_quest_yard does not overlap resident_house/core
ok: blacksmith_forge/blacksmith_quest_yard does not overlap fortification_cobble/core
ok: blacksmith_forge/blacksmith_quest_yard does not overlap artisan_house/core
ok: blacksmith_forge/blacksmith_quest_yard does not overlap fortification_castle/core
ok: blacksmith_forge/blacksmith_quest_yard does not overlap market_square/core
ok: blacksmith_forge/blacksmith_quest_yard does not overlap granary_yard/core
ok: blacksmith_forge/blacksmith_quest_yard does not overlap travellers_inn/core
ok: blacksmith_forge/blacksmith_quest_yard does not overlap guard_barracks/core
ok: blacksmith_forge/blacksmith_quest_yard does not overlap village_archive/core
ok: blacksmith_forge/blacksmith_quest_yard does not overlap ranger_lodge/core
ok: blacksmith_forge/blacksmith_quest_yard does not overlap mercy_infirmary/core
ok: blacksmith_forge/blacksmith_quest_yard does not overlap engineer_workshop/core
ok: blacksmith_forge/blacksmith_quest_yard does not overlap commons_infrastructure/core
ok: blacksmith_forge/blacksmith_quest_yard does not overlap grand_council_hall/core
ok: cartographer_house/core does not overlap fortification_palisade/core
ok: cartographer_house/core does not overlap miner_house/core
ok: cartographer_house/core does not overlap miner_house/miner_quest_yard
ok: cartographer_house/core does not overlap resident_house/core
ok: cartographer_house/core does not overlap fortification_cobble/core
ok: cartographer_house/core does not overlap artisan_house/core
ok: cartographer_house/core does not overlap fortification_castle/core
ok: cartographer_house/core does not overlap market_square/core
ok: cartographer_house/core does not overlap granary_yard/core
ok: cartographer_house/core does not overlap travellers_inn/core
ok: cartographer_house/core does not overlap guard_barracks/core
ok: cartographer_house/core does not overlap village_archive/core
ok: cartographer_house/core does not overlap ranger_lodge/core
ok: cartographer_house/core does not overlap mercy_infirmary/core
ok: cartographer_house/core does not overlap engineer_workshop/core
ok: cartographer_house/core does not overlap commons_infrastructure/core
ok: cartographer_house/core does not overlap grand_council_hall/core
ok: cartographer_house/cartographer_quest_annex does not overlap fortification_palisade/core
ok: cartographer_house/cartographer_quest_annex does not overlap miner_house/core
ok: cartographer_house/cartographer_quest_annex does not overlap miner_house/miner_quest_yard
ok: cartographer_house/cartographer_quest_annex does not overlap resident_house/core
ok: cartographer_house/cartographer_quest_annex does not overlap fortification_cobble/core
ok: cartographer_house/cartographer_quest_annex does not overlap artisan_house/core
ok: cartographer_house/cartographer_quest_annex does not overlap fortification_castle/core
ok: cartographer_house/cartographer_quest_annex does not overlap market_square/core
ok: cartographer_house/cartographer_quest_annex does not overlap granary_yard/core
ok: cartographer_house/cartographer_quest_annex does not overlap travellers_inn/core
ok: cartographer_house/cartographer_quest_annex does not overlap guard_barracks/core
ok: cartographer_house/cartographer_quest_annex does not overlap village_archive/core
ok: cartographer_house/cartographer_quest_annex does not overlap ranger_lodge/core
ok: cartographer_house/cartographer_quest_annex does not overlap mercy_infirmary/core
ok: cartographer_house/cartographer_quest_annex does not overlap engineer_workshop/core
ok: cartographer_house/cartographer_quest_annex does not overlap commons_infrastructure/core
ok: cartographer_house/cartographer_quest_annex does not overlap grand_council_hall/core
ok: fortification_palisade/core does not overlap miner_house/core
ok: fortification_palisade/core does not overlap miner_house/miner_quest_yard
ok: fortification_palisade/core does not overlap resident_house/core
ok: fortification_palisade/core does not overlap fortification_cobble/core
ok: fortification_palisade/core does not overlap artisan_house/core
ok: fortification_palisade/core does not overlap fortification_castle/core
ok: fortification_palisade/core does not overlap market_square/core
ok: fortification_palisade/core does not overlap granary_yard/core
ok: fortification_palisade/core does not overlap travellers_inn/core
ok: fortification_palisade/core does not overlap guard_barracks/core
ok: fortification_palisade/core does not overlap village_archive/core
ok: fortification_palisade/core does not overlap ranger_lodge/core
ok: fortification_palisade/core does not overlap mercy_infirmary/core
ok: fortification_palisade/core does not overlap engineer_workshop/core
ok: fortification_palisade/core does not overlap commons_infrastructure/core
ok: fortification_palisade/core does not overlap grand_council_hall/core
ok: miner_house/core does not overlap resident_house/core
ok: miner_house/core does not overlap fortification_cobble/core
ok: miner_house/core does not overlap artisan_house/core
ok: miner_house/core does not overlap fortification_castle/core
ok: miner_house/core does not overlap market_square/core
ok: miner_house/core does not overlap granary_yard/core
ok: miner_house/core does not overlap travellers_inn/core
ok: miner_house/core does not overlap guard_barracks/core
ok: miner_house/core does not overlap village_archive/core
ok: miner_house/core does not overlap ranger_lodge/core
ok: miner_house/core does not overlap mercy_infirmary/core
ok: miner_house/core does not overlap engineer_workshop/core
ok: miner_house/core does not overlap commons_infrastructure/core
ok: miner_house/core does not overlap grand_council_hall/core
ok: miner_house/miner_quest_yard does not overlap resident_house/core
ok: miner_house/miner_quest_yard does not overlap fortification_cobble/core
ok: miner_house/miner_quest_yard does not overlap artisan_house/core
ok: miner_house/miner_quest_yard does not overlap fortification_castle/core
ok: miner_house/miner_quest_yard does not overlap market_square/core
ok: miner_house/miner_quest_yard does not overlap granary_yard/core
ok: miner_house/miner_quest_yard does not overlap travellers_inn/core
ok: miner_house/miner_quest_yard does not overlap guard_barracks/core
ok: miner_house/miner_quest_yard does not overlap village_archive/core
ok: miner_house/miner_quest_yard does not overlap ranger_lodge/core
ok: miner_house/miner_quest_yard does not overlap mercy_infirmary/core
ok: miner_house/miner_quest_yard does not overlap engineer_workshop/core
ok: miner_house/miner_quest_yard does not overlap commons_infrastructure/core
ok: miner_house/miner_quest_yard does not overlap grand_council_hall/core
ok: resident_house/core does not overlap fortification_cobble/core
ok: resident_house/core does not overlap artisan_house/core
ok: resident_house/core does not overlap fortification_castle/core
ok: resident_house/core does not overlap market_square/core
ok: resident_house/core does not overlap granary_yard/core
ok: resident_house/core does not overlap travellers_inn/core
ok: resident_house/core does not overlap guard_barracks/core
ok: resident_house/core does not overlap village_archive/core
ok: resident_house/core does not overlap ranger_lodge/core
ok: resident_house/core does not overlap mercy_infirmary/core
ok: resident_house/core does not overlap engineer_workshop/core
ok: resident_house/core does not overlap commons_infrastructure/core
ok: resident_house/core does not overlap grand_council_hall/core
ok: fortification_cobble/core does not overlap artisan_house/core
ok: fortification_cobble/core does not overlap fortification_castle/core
ok: fortification_cobble/core does not overlap market_square/core
ok: fortification_cobble/core does not overlap granary_yard/core
ok: fortification_cobble/core does not overlap travellers_inn/core
ok: fortification_cobble/core does not overlap guard_barracks/core
ok: fortification_cobble/core does not overlap village_archive/core
ok: fortification_cobble/core does not overlap ranger_lodge/core
ok: fortification_cobble/core does not overlap mercy_infirmary/core
ok: fortification_cobble/core does not overlap engineer_workshop/core
ok: fortification_cobble/core does not overlap commons_infrastructure/core
ok: fortification_cobble/core does not overlap grand_council_hall/core
ok: artisan_house/core does not overlap fortification_castle/core
ok: artisan_house/core does not overlap market_square/core
ok: artisan_house/core does not overlap granary_yard/core
ok: artisan_house/core does not overlap travellers_inn/core
ok: artisan_house/core does not overlap guard_barracks/core
ok: artisan_house/core does not overlap village_archive/core
ok: artisan_house/core does not overlap ranger_lodge/core
ok: artisan_house/core does not overlap mercy_infirmary/core
ok: artisan_house/core does not overlap engineer_workshop/core
ok: artisan_house/core does not overlap commons_infrastructure/core
ok: artisan_house/core does not overlap grand_council_hall/core
ok: fortification_castle/core does not overlap market_square/core
ok: fortification_castle/core does not overlap granary_yard/core
ok: fortification_castle/core does not overlap travellers_inn/core
ok: fortification_castle/core does not overlap guard_barracks/core
ok: fortification_castle/core does not overlap village_archive/core
ok: fortification_castle/core does not overlap ranger_lodge/core
ok: fortification_castle/core does not overlap mercy_infirmary/core
ok: fortification_castle/core does not overlap engineer_workshop/core
ok: fortification_castle/core does not overlap commons_infrastructure/core
ok: fortification_castle/core does not overlap grand_council_hall/core
ok: market_square/core does not overlap granary_yard/core
ok: market_square/core does not overlap travellers_inn/core
ok: market_square/core does not overlap guard_barracks/core
ok: market_square/core does not overlap village_archive/core
ok: market_square/core does not overlap ranger_lodge/core
ok: market_square/core does not overlap mercy_infirmary/core
ok: market_square/core does not overlap engineer_workshop/core
ok: market_square/core does not overlap commons_infrastructure/core
ok: market_square/core does not overlap grand_council_hall/core
ok: granary_yard/core does not overlap travellers_inn/core
ok: granary_yard/core does not overlap guard_barracks/core
ok: granary_yard/core does not overlap village_archive/core
ok: granary_yard/core does not overlap ranger_lodge/core
ok: granary_yard/core does not overlap mercy_infirmary/core
ok: granary_yard/core does not overlap engineer_workshop/core
ok: granary_yard/core does not overlap commons_infrastructure/core
ok: granary_yard/core does not overlap grand_council_hall/core
ok: travellers_inn/core does not overlap guard_barracks/core
ok: travellers_inn/core does not overlap village_archive/core
ok: travellers_inn/core does not overlap ranger_lodge/core
ok: travellers_inn/core does not overlap mercy_infirmary/core
ok: travellers_inn/core does not overlap engineer_workshop/core
ok: travellers_inn/core does not overlap commons_infrastructure/core
ok: travellers_inn/core does not overlap grand_council_hall/core
ok: guard_barracks/core does not overlap village_archive/core
ok: guard_barracks/core does not overlap ranger_lodge/core
ok: guard_barracks/core does not overlap mercy_infirmary/core
ok: guard_barracks/core does not overlap engineer_workshop/core
ok: guard_barracks/core does not overlap commons_infrastructure/core
ok: guard_barracks/core does not overlap grand_council_hall/core
ok: village_archive/core does not overlap ranger_lodge/core
ok: village_archive/core does not overlap mercy_infirmary/core
ok: village_archive/core does not overlap engineer_workshop/core
ok: village_archive/core does not overlap commons_infrastructure/core
ok: village_archive/core does not overlap grand_council_hall/core
ok: ranger_lodge/core does not overlap mercy_infirmary/core
ok: ranger_lodge/core does not overlap engineer_workshop/core
ok: ranger_lodge/core does not overlap commons_infrastructure/core
ok: ranger_lodge/core does not overlap grand_council_hall/core
ok: mercy_infirmary/core does not overlap engineer_workshop/core
ok: mercy_infirmary/core does not overlap commons_infrastructure/core
ok: mercy_infirmary/core does not overlap grand_council_hall/core
ok: engineer_workshop/core does not overlap commons_infrastructure/core
ok: engineer_workshop/core does not overlap grand_council_hall/core
ok: commons_infrastructure/core does not overlap grand_council_hall/core
ok: town_hall/core stays outside both 3-block road bands
ok: campfire/core stays outside both 3-block road bands
ok: starter_house/core stays outside both 3-block road bands
ok: farmer_homestead/core stays outside both 3-block road bands
ok: farmer_homestead/farmer_quest_annex stays outside both 3-block road bands
ok: blacksmith_forge/core stays outside both 3-block road bands
ok: blacksmith_forge/blacksmith_quest_yard stays outside both 3-block road bands
ok: cartographer_house/core stays outside both 3-block road bands
ok: cartographer_house/cartographer_quest_annex stays outside both 3-block road bands
ok: fortification_palisade/core stays outside both 3-block road bands
ok: miner_house/core stays outside both 3-block road bands
ok: miner_house/miner_quest_yard stays outside both 3-block road bands
ok: resident_house/core stays outside both 3-block road bands
ok: fortification_cobble/core stays outside both 3-block road bands
ok: artisan_house/core stays outside both 3-block road bands
ok: fortification_castle/core stays outside both 3-block road bands
ok: market_square/core stays outside both 3-block road bands
ok: granary_yard/core stays outside both 3-block road bands
ok: travellers_inn/core stays outside both 3-block road bands
ok: guard_barracks/core stays outside both 3-block road bands
ok: village_archive/core stays outside both 3-block road bands
ok: ranger_lodge/core stays outside both 3-block road bands
ok: mercy_infirmary/core stays outside both 3-block road bands
ok: engineer_workshop/core stays outside both 3-block road bands
ok: commons_infrastructure/core stays outside both 3-block road bands
ok: grand_council_hall/core stays outside both 3-block road bands
ok: crossroad cell union has the expected 1125 cells (1125)
ok: forward road is continuous at -94,-1
ok: forward road is continuous at -94,0
ok: forward road is continuous at -94,1
ok: forward road is continuous at -93,-1
ok: forward road is continuous at -93,0
ok: forward road is continuous at -93,1
ok: forward road is continuous at -92,-1
ok: forward road is continuous at -92,0
ok: forward road is continuous at -92,1
ok: forward road is continuous at -91,-1
ok: forward road is continuous at -91,0
ok: forward road is continuous at -91,1
ok: forward road is continuous at -90,-1
ok: forward road is continuous at -90,0
ok: forward road is continuous at -90,1
ok: forward road is continuous at -89,-1
ok: forward road is continuous at -89,0
ok: forward road is continuous at -89,1
ok: forward road is continuous at -88,-1
ok: forward road is continuous at -88,0
ok: forward road is continuous at -88,1
ok: forward road is continuous at -87,-1
ok: forward road is continuous at -87,0
ok: forward road is continuous at -87,1
ok: forward road is continuous at -86,-1
ok: forward road is continuous at -86,0
ok: forward road is continuous at -86,1
ok: forward road is continuous at -85,-1
ok: forward road is continuous at -85,0
ok: forward road is continuous at -85,1
ok: forward road is continuous at -84,-1
ok: forward road is continuous at -84,0
ok: forward road is continuous at -84,1
ok: forward road is continuous at -83,-1
ok: forward road is continuous at -83,0
ok: forward road is continuous at -83,1
ok: forward road is continuous at -82,-1
ok: forward road is continuous at -82,0
ok: forward road is continuous at -82,1
ok: forward road is continuous at -81,-1
ok: forward road is continuous at -81,0
ok: forward road is continuous at -81,1
ok: forward road is continuous at -80,-1
ok: forward road is continuous at -80,0
ok: forward road is continuous at -80,1
ok: forward road is continuous at -79,-1
ok: forward road is continuous at -79,0
ok: forward road is continuous at -79,1
ok: forward road is continuous at -78,-1
ok: forward road is continuous at -78,0
ok: forward road is continuous at -78,1
ok: forward road is continuous at -77,-1
ok: forward road is continuous at -77,0
ok: forward road is continuous at -77,1
ok: forward road is continuous at -76,-1
ok: forward road is continuous at -76,0
ok: forward road is continuous at -76,1
ok: forward road is continuous at -75,-1
ok: forward road is continuous at -75,0
ok: forward road is continuous at -75,1
ok: forward road is continuous at -74,-1
ok: forward road is continuous at -74,0
ok: forward road is continuous at -74,1
ok: forward road is continuous at -73,-1
ok: forward road is continuous at -73,0
ok: forward road is continuous at -73,1
ok: forward road is continuous at -72,-1
ok: forward road is continuous at -72,0
ok: forward road is continuous at -72,1
ok: forward road is continuous at -71,-1
ok: forward road is continuous at -71,0
ok: forward road is continuous at -71,1
ok: forward road is continuous at -70,-1
ok: forward road is continuous at -70,0
ok: forward road is continuous at -70,1
ok: forward road is continuous at -69,-1
ok: forward road is continuous at -69,0
ok: forward road is continuous at -69,1
ok: forward road is continuous at -68,-1
ok: forward road is continuous at -68,0
ok: forward road is continuous at -68,1
ok: forward road is continuous at -67,-1
ok: forward road is continuous at -67,0
ok: forward road is continuous at -67,1
ok: forward road is continuous at -66,-1
ok: forward road is continuous at -66,0
ok: forward road is continuous at -66,1
ok: forward road is continuous at -65,-1
ok: forward road is continuous at -65,0
ok: forward road is continuous at -65,1
ok: forward road is continuous at -64,-1
ok: forward road is continuous at -64,0
ok: forward road is continuous at -64,1
ok: forward road is continuous at -63,-1
ok: forward road is continuous at -63,0
ok: forward road is continuous at -63,1
ok: forward road is continuous at -62,-1
ok: forward road is continuous at -62,0
ok: forward road is continuous at -62,1
ok: forward road is continuous at -61,-1
ok: forward road is continuous at -61,0
ok: forward road is continuous at -61,1
ok: forward road is continuous at -60,-1
ok: forward road is continuous at -60,0
ok: forward road is continuous at -60,1
ok: forward road is continuous at -59,-1
ok: forward road is continuous at -59,0
ok: forward road is continuous at -59,1
ok: forward road is continuous at -58,-1
ok: forward road is continuous at -58,0
ok: forward road is continuous at -58,1
ok: forward road is continuous at -57,-1
ok: forward road is continuous at -57,0
ok: forward road is continuous at -57,1
ok: forward road is continuous at -56,-1
ok: forward road is continuous at -56,0
ok: forward road is continuous at -56,1
ok: forward road is continuous at -55,-1
ok: forward road is continuous at -55,0
ok: forward road is continuous at -55,1
ok: forward road is continuous at -54,-1
ok: forward road is continuous at -54,0
ok: forward road is continuous at -54,1
ok: forward road is continuous at -53,-1
ok: forward road is continuous at -53,0
ok: forward road is continuous at -53,1
ok: forward road is continuous at -52,-1
ok: forward road is continuous at -52,0
ok: forward road is continuous at -52,1
ok: forward road is continuous at -51,-1
ok: forward road is continuous at -51,0
ok: forward road is continuous at -51,1
ok: forward road is continuous at -50,-1
ok: forward road is continuous at -50,0
ok: forward road is continuous at -50,1
ok: forward road is continuous at -49,-1
ok: forward road is continuous at -49,0
ok: forward road is continuous at -49,1
ok: forward road is continuous at -48,-1
ok: forward road is continuous at -48,0
ok: forward road is continuous at -48,1
ok: forward road is continuous at -47,-1
ok: forward road is continuous at -47,0
ok: forward road is continuous at -47,1
ok: forward road is continuous at -46,-1
ok: forward road is continuous at -46,0
ok: forward road is continuous at -46,1
ok: forward road is continuous at -45,-1
ok: forward road is continuous at -45,0
ok: forward road is continuous at -45,1
ok: forward road is continuous at -44,-1
ok: forward road is continuous at -44,0
ok: forward road is continuous at -44,1
ok: forward road is continuous at -43,-1
ok: forward road is continuous at -43,0
ok: forward road is continuous at -43,1
ok: forward road is continuous at -42,-1
ok: forward road is continuous at -42,0
ok: forward road is continuous at -42,1
ok: forward road is continuous at -41,-1
ok: forward road is continuous at -41,0
ok: forward road is continuous at -41,1
ok: forward road is continuous at -40,-1
ok: forward road is continuous at -40,0
ok: forward road is continuous at -40,1
ok: forward road is continuous at -39,-1
ok: forward road is continuous at -39,0
ok: forward road is continuous at -39,1
ok: forward road is continuous at -38,-1
ok: forward road is continuous at -38,0
ok: forward road is continuous at -38,1
ok: forward road is continuous at -37,-1
ok: forward road is continuous at -37,0
ok: forward road is continuous at -37,1
ok: forward road is continuous at -36,-1
ok: forward road is continuous at -36,0
ok: forward road is continuous at -36,1
ok: forward road is continuous at -35,-1
ok: forward road is continuous at -35,0
ok: forward road is continuous at -35,1
ok: forward road is continuous at -34,-1
ok: forward road is continuous at -34,0
ok: forward road is continuous at -34,1
ok: forward road is continuous at -33,-1
ok: forward road is continuous at -33,0
ok: forward road is continuous at -33,1
ok: forward road is continuous at -32,-1
ok: forward road is continuous at -32,0
ok: forward road is continuous at -32,1
ok: forward road is continuous at -31,-1
ok: forward road is continuous at -31,0
ok: forward road is continuous at -31,1
ok: forward road is continuous at -30,-1
ok: forward road is continuous at -30,0
ok: forward road is continuous at -30,1
ok: forward road is continuous at -29,-1
ok: forward road is continuous at -29,0
ok: forward road is continuous at -29,1
ok: forward road is continuous at -28,-1
ok: forward road is continuous at -28,0
ok: forward road is continuous at -28,1
ok: forward road is continuous at -27,-1
ok: forward road is continuous at -27,0
ok: forward road is continuous at -27,1
ok: forward road is continuous at -26,-1
ok: forward road is continuous at -26,0
ok: forward road is continuous at -26,1
ok: forward road is continuous at -25,-1
ok: forward road is continuous at -25,0
ok: forward road is continuous at -25,1
ok: forward road is continuous at -24,-1
ok: forward road is continuous at -24,0
ok: forward road is continuous at -24,1
ok: forward road is continuous at -23,-1
ok: forward road is continuous at -23,0
ok: forward road is continuous at -23,1
ok: forward road is continuous at -22,-1
ok: forward road is continuous at -22,0
ok: forward road is continuous at -22,1
ok: forward road is continuous at -21,-1
ok: forward road is continuous at -21,0
ok: forward road is continuous at -21,1
ok: forward road is continuous at -20,-1
ok: forward road is continuous at -20,0
ok: forward road is continuous at -20,1
ok: forward road is continuous at -19,-1
ok: forward road is continuous at -19,0
ok: forward road is continuous at -19,1
ok: forward road is continuous at -18,-1
ok: forward road is continuous at -18,0
ok: forward road is continuous at -18,1
ok: forward road is continuous at -17,-1
ok: forward road is continuous at -17,0
ok: forward road is continuous at -17,1
ok: forward road is continuous at -16,-1
ok: forward road is continuous at -16,0
ok: forward road is continuous at -16,1
ok: forward road is continuous at -15,-1
ok: forward road is continuous at -15,0
ok: forward road is continuous at -15,1
ok: forward road is continuous at -14,-1
ok: forward road is continuous at -14,0
ok: forward road is continuous at -14,1
ok: forward road is continuous at -13,-1
ok: forward road is continuous at -13,0
ok: forward road is continuous at -13,1
ok: forward road is continuous at -12,-1
ok: forward road is continuous at -12,0
ok: forward road is continuous at -12,1
ok: forward road is continuous at -11,-1
ok: forward road is continuous at -11,0
ok: forward road is continuous at -11,1
ok: forward road is continuous at -10,-1
ok: forward road is continuous at -10,0
ok: forward road is continuous at -10,1
ok: forward road is continuous at -9,-1
ok: forward road is continuous at -9,0
ok: forward road is continuous at -9,1
ok: forward road is continuous at -8,-1
ok: forward road is continuous at -8,0
ok: forward road is continuous at -8,1
ok: forward road is continuous at -7,-1
ok: forward road is continuous at -7,0
ok: forward road is continuous at -7,1
ok: forward road is continuous at -6,-1
ok: forward road is continuous at -6,0
ok: forward road is continuous at -6,1
ok: forward road is continuous at -5,-1
ok: forward road is continuous at -5,0
ok: forward road is continuous at -5,1
ok: forward road is continuous at -4,-1
ok: forward road is continuous at -4,0
ok: forward road is continuous at -4,1
ok: forward road is continuous at -3,-1
ok: forward road is continuous at -3,0
ok: forward road is continuous at -3,1
ok: forward road is continuous at -2,-1
ok: forward road is continuous at -2,0
ok: forward road is continuous at -2,1
ok: forward road is continuous at -1,-1
ok: forward road is continuous at -1,0
ok: forward road is continuous at -1,1
ok: forward road is continuous at 0,-1
ok: forward road is continuous at 0,0
ok: forward road is continuous at 0,1
ok: forward road is continuous at 1,-1
ok: forward road is continuous at 1,0
ok: forward road is continuous at 1,1
ok: forward road is continuous at 2,-1
ok: forward road is continuous at 2,0
ok: forward road is continuous at 2,1
ok: forward road is continuous at 3,-1
ok: forward road is continuous at 3,0
ok: forward road is continuous at 3,1
ok: forward road is continuous at 4,-1
ok: forward road is continuous at 4,0
ok: forward road is continuous at 4,1
ok: forward road is continuous at 5,-1
ok: forward road is continuous at 5,0
ok: forward road is continuous at 5,1
ok: forward road is continuous at 6,-1
ok: forward road is continuous at 6,0
ok: forward road is continuous at 6,1
ok: forward road is continuous at 7,-1
ok: forward road is continuous at 7,0
ok: forward road is continuous at 7,1
ok: forward road is continuous at 8,-1
ok: forward road is continuous at 8,0
ok: forward road is continuous at 8,1
ok: forward road is continuous at 9,-1
ok: forward road is continuous at 9,0
ok: forward road is continuous at 9,1
ok: forward road is continuous at 10,-1
ok: forward road is continuous at 10,0
ok: forward road is continuous at 10,1
ok: forward road is continuous at 11,-1
ok: forward road is continuous at 11,0
ok: forward road is continuous at 11,1
ok: forward road is continuous at 12,-1
ok: forward road is continuous at 12,0
ok: forward road is continuous at 12,1
ok: forward road is continuous at 13,-1
ok: forward road is continuous at 13,0
ok: forward road is continuous at 13,1
ok: forward road is continuous at 14,-1
ok: forward road is continuous at 14,0
ok: forward road is continuous at 14,1
ok: forward road is continuous at 15,-1
ok: forward road is continuous at 15,0
ok: forward road is continuous at 15,1
ok: forward road is continuous at 16,-1
ok: forward road is continuous at 16,0
ok: forward road is continuous at 16,1
ok: forward road is continuous at 17,-1
ok: forward road is continuous at 17,0
ok: forward road is continuous at 17,1
ok: forward road is continuous at 18,-1
ok: forward road is continuous at 18,0
ok: forward road is continuous at 18,1
ok: forward road is continuous at 19,-1
ok: forward road is continuous at 19,0
ok: forward road is continuous at 19,1
ok: forward road is continuous at 20,-1
ok: forward road is continuous at 20,0
ok: forward road is continuous at 20,1
ok: forward road is continuous at 21,-1
ok: forward road is continuous at 21,0
ok: forward road is continuous at 21,1
ok: forward road is continuous at 22,-1
ok: forward road is continuous at 22,0
ok: forward road is continuous at 22,1
ok: forward road is continuous at 23,-1
ok: forward road is continuous at 23,0
ok: forward road is continuous at 23,1
ok: forward road is continuous at 24,-1
ok: forward road is continuous at 24,0
ok: forward road is continuous at 24,1
ok: forward road is continuous at 25,-1
ok: forward road is continuous at 25,0
ok: forward road is continuous at 25,1
ok: forward road is continuous at 26,-1
ok: forward road is continuous at 26,0
ok: forward road is continuous at 26,1
ok: forward road is continuous at 27,-1
ok: forward road is continuous at 27,0
ok: forward road is continuous at 27,1
ok: forward road is continuous at 28,-1
ok: forward road is continuous at 28,0
ok: forward road is continuous at 28,1
ok: forward road is continuous at 29,-1
ok: forward road is continuous at 29,0
ok: forward road is continuous at 29,1
ok: forward road is continuous at 30,-1
ok: forward road is continuous at 30,0
ok: forward road is continuous at 30,1
ok: forward road is continuous at 31,-1
ok: forward road is continuous at 31,0
ok: forward road is continuous at 31,1
ok: forward road is continuous at 32,-1
ok: forward road is continuous at 32,0
ok: forward road is continuous at 32,1
ok: forward road is continuous at 33,-1
ok: forward road is continuous at 33,0
ok: forward road is continuous at 33,1
ok: forward road is continuous at 34,-1
ok: forward road is continuous at 34,0
ok: forward road is continuous at 34,1
ok: forward road is continuous at 35,-1
ok: forward road is continuous at 35,0
ok: forward road is continuous at 35,1
ok: forward road is continuous at 36,-1
ok: forward road is continuous at 36,0
ok: forward road is continuous at 36,1
ok: forward road is continuous at 37,-1
ok: forward road is continuous at 37,0
ok: forward road is continuous at 37,1
ok: forward road is continuous at 38,-1
ok: forward road is continuous at 38,0
ok: forward road is continuous at 38,1
ok: forward road is continuous at 39,-1
ok: forward road is continuous at 39,0
ok: forward road is continuous at 39,1
ok: forward road is continuous at 40,-1
ok: forward road is continuous at 40,0
ok: forward road is continuous at 40,1
ok: forward road is continuous at 41,-1
ok: forward road is continuous at 41,0
ok: forward road is continuous at 41,1
ok: forward road is continuous at 42,-1
ok: forward road is continuous at 42,0
ok: forward road is continuous at 42,1
ok: forward road is continuous at 43,-1
ok: forward road is continuous at 43,0
ok: forward road is continuous at 43,1
ok: forward road is continuous at 44,-1
ok: forward road is continuous at 44,0
ok: forward road is continuous at 44,1
ok: forward road is continuous at 45,-1
ok: forward road is continuous at 45,0
ok: forward road is continuous at 45,1
ok: forward road is continuous at 46,-1
ok: forward road is continuous at 46,0
ok: forward road is continuous at 46,1
ok: forward road is continuous at 47,-1
ok: forward road is continuous at 47,0
ok: forward road is continuous at 47,1
ok: forward road is continuous at 48,-1
ok: forward road is continuous at 48,0
ok: forward road is continuous at 48,1
ok: forward road is continuous at 49,-1
ok: forward road is continuous at 49,0
ok: forward road is continuous at 49,1
ok: forward road is continuous at 50,-1
ok: forward road is continuous at 50,0
ok: forward road is continuous at 50,1
ok: forward road is continuous at 51,-1
ok: forward road is continuous at 51,0
ok: forward road is continuous at 51,1
ok: forward road is continuous at 52,-1
ok: forward road is continuous at 52,0
ok: forward road is continuous at 52,1
ok: forward road is continuous at 53,-1
ok: forward road is continuous at 53,0
ok: forward road is continuous at 53,1
ok: forward road is continuous at 54,-1
ok: forward road is continuous at 54,0
ok: forward road is continuous at 54,1
ok: forward road is continuous at 55,-1
ok: forward road is continuous at 55,0
ok: forward road is continuous at 55,1
ok: forward road is continuous at 56,-1
ok: forward road is continuous at 56,0
ok: forward road is continuous at 56,1
ok: forward road is continuous at 57,-1
ok: forward road is continuous at 57,0
ok: forward road is continuous at 57,1
ok: forward road is continuous at 58,-1
ok: forward road is continuous at 58,0
ok: forward road is continuous at 58,1
ok: forward road is continuous at 59,-1
ok: forward road is continuous at 59,0
ok: forward road is continuous at 59,1
ok: forward road is continuous at 60,-1
ok: forward road is continuous at 60,0
ok: forward road is continuous at 60,1
ok: forward road is continuous at 61,-1
ok: forward road is continuous at 61,0
ok: forward road is continuous at 61,1
ok: forward road is continuous at 62,-1
ok: forward road is continuous at 62,0
ok: forward road is continuous at 62,1
ok: forward road is continuous at 63,-1
ok: forward road is continuous at 63,0
ok: forward road is continuous at 63,1
ok: forward road is continuous at 64,-1
ok: forward road is continuous at 64,0
ok: forward road is continuous at 64,1
ok: forward road is continuous at 65,-1
ok: forward road is continuous at 65,0
ok: forward road is continuous at 65,1
ok: forward road is continuous at 66,-1
ok: forward road is continuous at 66,0
ok: forward road is continuous at 66,1
ok: forward road is continuous at 67,-1
ok: forward road is continuous at 67,0
ok: forward road is continuous at 67,1
ok: forward road is continuous at 68,-1
ok: forward road is continuous at 68,0
ok: forward road is continuous at 68,1
ok: forward road is continuous at 69,-1
ok: forward road is continuous at 69,0
ok: forward road is continuous at 69,1
ok: forward road is continuous at 70,-1
ok: forward road is continuous at 70,0
ok: forward road is continuous at 70,1
ok: forward road is continuous at 71,-1
ok: forward road is continuous at 71,0
ok: forward road is continuous at 71,1
ok: forward road is continuous at 72,-1
ok: forward road is continuous at 72,0
ok: forward road is continuous at 72,1
ok: forward road is continuous at 73,-1
ok: forward road is continuous at 73,0
ok: forward road is continuous at 73,1
ok: forward road is continuous at 74,-1
ok: forward road is continuous at 74,0
ok: forward road is continuous at 74,1
ok: forward road is continuous at 75,-1
ok: forward road is continuous at 75,0
ok: forward road is continuous at 75,1
ok: forward road is continuous at 76,-1
ok: forward road is continuous at 76,0
ok: forward road is continuous at 76,1
ok: forward road is continuous at 77,-1
ok: forward road is continuous at 77,0
ok: forward road is continuous at 77,1
ok: forward road is continuous at 78,-1
ok: forward road is continuous at 78,0
ok: forward road is continuous at 78,1
ok: forward road is continuous at 79,-1
ok: forward road is continuous at 79,0
ok: forward road is continuous at 79,1
ok: forward road is continuous at 80,-1
ok: forward road is continuous at 80,0
ok: forward road is continuous at 80,1
ok: forward road is continuous at 81,-1
ok: forward road is continuous at 81,0
ok: forward road is continuous at 81,1
ok: forward road is continuous at 82,-1
ok: forward road is continuous at 82,0
ok: forward road is continuous at 82,1
ok: forward road is continuous at 83,-1
ok: forward road is continuous at 83,0
ok: forward road is continuous at 83,1
ok: forward road is continuous at 84,-1
ok: forward road is continuous at 84,0
ok: forward road is continuous at 84,1
ok: forward road is continuous at 85,-1
ok: forward road is continuous at 85,0
ok: forward road is continuous at 85,1
ok: forward road is continuous at 86,-1
ok: forward road is continuous at 86,0
ok: forward road is continuous at 86,1
ok: forward road is continuous at 87,-1
ok: forward road is continuous at 87,0
ok: forward road is continuous at 87,1
ok: forward road is continuous at 88,-1
ok: forward road is continuous at 88,0
ok: forward road is continuous at 88,1
ok: forward road is continuous at 89,-1
ok: forward road is continuous at 89,0
ok: forward road is continuous at 89,1
ok: forward road is continuous at 90,-1
ok: forward road is continuous at 90,0
ok: forward road is continuous at 90,1
ok: forward road is continuous at 91,-1
ok: forward road is continuous at 91,0
ok: forward road is continuous at 91,1
ok: forward road is continuous at 92,-1
ok: forward road is continuous at 92,0
ok: forward road is continuous at 92,1
ok: forward road is continuous at 93,-1
ok: forward road is continuous at 93,0
ok: forward road is continuous at 93,1
ok: forward road is continuous at 94,-1
ok: forward road is continuous at 94,0
ok: forward road is continuous at 94,1
ok: side road is continuous at -1,-94
ok: side road is continuous at 0,-94
ok: side road is continuous at 1,-94
ok: side road is continuous at -1,-93
ok: side road is continuous at 0,-93
ok: side road is continuous at 1,-93
ok: side road is continuous at -1,-92
ok: side road is continuous at 0,-92
ok: side road is continuous at 1,-92
ok: side road is continuous at -1,-91
ok: side road is continuous at 0,-91
ok: side road is continuous at 1,-91
ok: side road is continuous at -1,-90
ok: side road is continuous at 0,-90
ok: side road is continuous at 1,-90
ok: side road is continuous at -1,-89
ok: side road is continuous at 0,-89
ok: side road is continuous at 1,-89
ok: side road is continuous at -1,-88
ok: side road is continuous at 0,-88
ok: side road is continuous at 1,-88
ok: side road is continuous at -1,-87
ok: side road is continuous at 0,-87
ok: side road is continuous at 1,-87
ok: side road is continuous at -1,-86
ok: side road is continuous at 0,-86
ok: side road is continuous at 1,-86
ok: side road is continuous at -1,-85
ok: side road is continuous at 0,-85
ok: side road is continuous at 1,-85
ok: side road is continuous at -1,-84
ok: side road is continuous at 0,-84
ok: side road is continuous at 1,-84
ok: side road is continuous at -1,-83
ok: side road is continuous at 0,-83
ok: side road is continuous at 1,-83
ok: side road is continuous at -1,-82
ok: side road is continuous at 0,-82
ok: side road is continuous at 1,-82
ok: side road is continuous at -1,-81
ok: side road is continuous at 0,-81
ok: side road is continuous at 1,-81
ok: side road is continuous at -1,-80
ok: side road is continuous at 0,-80
ok: side road is continuous at 1,-80
ok: side road is continuous at -1,-79
ok: side road is continuous at 0,-79
ok: side road is continuous at 1,-79
ok: side road is continuous at -1,-78
ok: side road is continuous at 0,-78
ok: side road is continuous at 1,-78
ok: side road is continuous at -1,-77
ok: side road is continuous at 0,-77
ok: side road is continuous at 1,-77
ok: side road is continuous at -1,-76
ok: side road is continuous at 0,-76
ok: side road is continuous at 1,-76
ok: side road is continuous at -1,-75
ok: side road is continuous at 0,-75
ok: side road is continuous at 1,-75
ok: side road is continuous at -1,-74
ok: side road is continuous at 0,-74
ok: side road is continuous at 1,-74
ok: side road is continuous at -1,-73
ok: side road is continuous at 0,-73
ok: side road is continuous at 1,-73
ok: side road is continuous at -1,-72
ok: side road is continuous at 0,-72
ok: side road is continuous at 1,-72
ok: side road is continuous at -1,-71
ok: side road is continuous at 0,-71
ok: side road is continuous at 1,-71
ok: side road is continuous at -1,-70
ok: side road is continuous at 0,-70
ok: side road is continuous at 1,-70
ok: side road is continuous at -1,-69
ok: side road is continuous at 0,-69
ok: side road is continuous at 1,-69
ok: side road is continuous at -1,-68
ok: side road is continuous at 0,-68
ok: side road is continuous at 1,-68
ok: side road is continuous at -1,-67
ok: side road is continuous at 0,-67
ok: side road is continuous at 1,-67
ok: side road is continuous at -1,-66
ok: side road is continuous at 0,-66
ok: side road is continuous at 1,-66
ok: side road is continuous at -1,-65
ok: side road is continuous at 0,-65
ok: side road is continuous at 1,-65
ok: side road is continuous at -1,-64
ok: side road is continuous at 0,-64
ok: side road is continuous at 1,-64
ok: side road is continuous at -1,-63
ok: side road is continuous at 0,-63
ok: side road is continuous at 1,-63
ok: side road is continuous at -1,-62
ok: side road is continuous at 0,-62
ok: side road is continuous at 1,-62
ok: side road is continuous at -1,-61
ok: side road is continuous at 0,-61
ok: side road is continuous at 1,-61
ok: side road is continuous at -1,-60
ok: side road is continuous at 0,-60
ok: side road is continuous at 1,-60
ok: side road is continuous at -1,-59
ok: side road is continuous at 0,-59
ok: side road is continuous at 1,-59
ok: side road is continuous at -1,-58
ok: side road is continuous at 0,-58
ok: side road is continuous at 1,-58
ok: side road is continuous at -1,-57
ok: side road is continuous at 0,-57
ok: side road is continuous at 1,-57
ok: side road is continuous at -1,-56
ok: side road is continuous at 0,-56
ok: side road is continuous at 1,-56
ok: side road is continuous at -1,-55
ok: side road is continuous at 0,-55
ok: side road is continuous at 1,-55
ok: side road is continuous at -1,-54
ok: side road is continuous at 0,-54
ok: side road is continuous at 1,-54
ok: side road is continuous at -1,-53
ok: side road is continuous at 0,-53
ok: side road is continuous at 1,-53
ok: side road is continuous at -1,-52
ok: side road is continuous at 0,-52
ok: side road is continuous at 1,-52
ok: side road is continuous at -1,-51
ok: side road is continuous at 0,-51
ok: side road is continuous at 1,-51
ok: side road is continuous at -1,-50
ok: side road is continuous at 0,-50
ok: side road is continuous at 1,-50
ok: side road is continuous at -1,-49
ok: side road is continuous at 0,-49
ok: side road is continuous at 1,-49
ok: side road is continuous at -1,-48
ok: side road is continuous at 0,-48
ok: side road is continuous at 1,-48
ok: side road is continuous at -1,-47
ok: side road is continuous at 0,-47
ok: side road is continuous at 1,-47
ok: side road is continuous at -1,-46
ok: side road is continuous at 0,-46
ok: side road is continuous at 1,-46
ok: side road is continuous at -1,-45
ok: side road is continuous at 0,-45
ok: side road is continuous at 1,-45
ok: side road is continuous at -1,-44
ok: side road is continuous at 0,-44
ok: side road is continuous at 1,-44
ok: side road is continuous at -1,-43
ok: side road is continuous at 0,-43
ok: side road is continuous at 1,-43
ok: side road is continuous at -1,-42
ok: side road is continuous at 0,-42
ok: side road is continuous at 1,-42
ok: side road is continuous at -1,-41
ok: side road is continuous at 0,-41
ok: side road is continuous at 1,-41
ok: side road is continuous at -1,-40
ok: side road is continuous at 0,-40
ok: side road is continuous at 1,-40
ok: side road is continuous at -1,-39
ok: side road is continuous at 0,-39
ok: side road is continuous at 1,-39
ok: side road is continuous at -1,-38
ok: side road is continuous at 0,-38
ok: side road is continuous at 1,-38
ok: side road is continuous at -1,-37
ok: side road is continuous at 0,-37
ok: side road is continuous at 1,-37
ok: side road is continuous at -1,-36
ok: side road is continuous at 0,-36
ok: side road is continuous at 1,-36
ok: side road is continuous at -1,-35
ok: side road is continuous at 0,-35
ok: side road is continuous at 1,-35
ok: side road is continuous at -1,-34
ok: side road is continuous at 0,-34
ok: side road is continuous at 1,-34
ok: side road is continuous at -1,-33
ok: side road is continuous at 0,-33
ok: side road is continuous at 1,-33
ok: side road is continuous at -1,-32
ok: side road is continuous at 0,-32
ok: side road is continuous at 1,-32
ok: side road is continuous at -1,-31
ok: side road is continuous at 0,-31
ok: side road is continuous at 1,-31
ok: side road is continuous at -1,-30
ok: side road is continuous at 0,-30
ok: side road is continuous at 1,-30
ok: side road is continuous at -1,-29
ok: side road is continuous at 0,-29
ok: side road is continuous at 1,-29
ok: side road is continuous at -1,-28
ok: side road is continuous at 0,-28
ok: side road is continuous at 1,-28
ok: side road is continuous at -1,-27
ok: side road is continuous at 0,-27
ok: side road is continuous at 1,-27
ok: side road is continuous at -1,-26
ok: side road is continuous at 0,-26
ok: side road is continuous at 1,-26
ok: side road is continuous at -1,-25
ok: side road is continuous at 0,-25
ok: side road is continuous at 1,-25
ok: side road is continuous at -1,-24
ok: side road is continuous at 0,-24
ok: side road is continuous at 1,-24
ok: side road is continuous at -1,-23
ok: side road is continuous at 0,-23
ok: side road is continuous at 1,-23
ok: side road is continuous at -1,-22
ok: side road is continuous at 0,-22
ok: side road is continuous at 1,-22
ok: side road is continuous at -1,-21
ok: side road is continuous at 0,-21
ok: side road is continuous at 1,-21
ok: side road is continuous at -1,-20
ok: side road is continuous at 0,-20
ok: side road is continuous at 1,-20
ok: side road is continuous at -1,-19
ok: side road is continuous at 0,-19
ok: side road is continuous at 1,-19
ok: side road is continuous at -1,-18
ok: side road is continuous at 0,-18
ok: side road is continuous at 1,-18
ok: side road is continuous at -1,-17
ok: side road is continuous at 0,-17
ok: side road is continuous at 1,-17
ok: side road is continuous at -1,-16
ok: side road is continuous at 0,-16
ok: side road is continuous at 1,-16
ok: side road is continuous at -1,-15
ok: side road is continuous at 0,-15
ok: side road is continuous at 1,-15
ok: side road is continuous at -1,-14
ok: side road is continuous at 0,-14
ok: side road is continuous at 1,-14
ok: side road is continuous at -1,-13
ok: side road is continuous at 0,-13
ok: side road is continuous at 1,-13
ok: side road is continuous at -1,-12
ok: side road is continuous at 0,-12
ok: side road is continuous at 1,-12
ok: side road is continuous at -1,-11
ok: side road is continuous at 0,-11
ok: side road is continuous at 1,-11
ok: side road is continuous at -1,-10
ok: side road is continuous at 0,-10
ok: side road is continuous at 1,-10
ok: side road is continuous at -1,-9
ok: side road is continuous at 0,-9
ok: side road is continuous at 1,-9
ok: side road is continuous at -1,-8
ok: side road is continuous at 0,-8
ok: side road is continuous at 1,-8
ok: side road is continuous at -1,-7
ok: side road is continuous at 0,-7
ok: side road is continuous at 1,-7
ok: side road is continuous at -1,-6
ok: side road is continuous at 0,-6
ok: side road is continuous at 1,-6
ok: side road is continuous at -1,-5
ok: side road is continuous at 0,-5
ok: side road is continuous at 1,-5
ok: side road is continuous at -1,-4
ok: side road is continuous at 0,-4
ok: side road is continuous at 1,-4
ok: side road is continuous at -1,-3
ok: side road is continuous at 0,-3
ok: side road is continuous at 1,-3
ok: side road is continuous at -1,-2
ok: side road is continuous at 0,-2
ok: side road is continuous at 1,-2
ok: side road is continuous at -1,-1
ok: side road is continuous at 0,-1
ok: side road is continuous at 1,-1
ok: side road is continuous at -1,0
ok: side road is continuous at 0,0
ok: side road is continuous at 1,0
ok: side road is continuous at -1,1
ok: side road is continuous at 0,1
ok: side road is continuous at 1,1
ok: side road is continuous at -1,2
ok: side road is continuous at 0,2
ok: side road is continuous at 1,2
ok: side road is continuous at -1,3
ok: side road is continuous at 0,3
ok: side road is continuous at 1,3
ok: side road is continuous at -1,4
ok: side road is continuous at 0,4
ok: side road is continuous at 1,4
ok: side road is continuous at -1,5
ok: side road is continuous at 0,5
ok: side road is continuous at 1,5
ok: side road is continuous at -1,6
ok: side road is continuous at 0,6
ok: side road is continuous at 1,6
ok: side road is continuous at -1,7
ok: side road is continuous at 0,7
ok: side road is continuous at 1,7
ok: side road is continuous at -1,8
ok: side road is continuous at 0,8
ok: side road is continuous at 1,8
ok: side road is continuous at -1,9
ok: side road is continuous at 0,9
ok: side road is continuous at 1,9
ok: side road is continuous at -1,10
ok: side road is continuous at 0,10
ok: side road is continuous at 1,10
ok: side road is continuous at -1,11
ok: side road is continuous at 0,11
ok: side road is continuous at 1,11
ok: side road is continuous at -1,12
ok: side road is continuous at 0,12
ok: side road is continuous at 1,12
ok: side road is continuous at -1,13
ok: side road is continuous at 0,13
ok: side road is continuous at 1,13
ok: side road is continuous at -1,14
ok: side road is continuous at 0,14
ok: side road is continuous at 1,14
ok: side road is continuous at -1,15
ok: side road is continuous at 0,15
ok: side road is continuous at 1,15
ok: side road is continuous at -1,16
ok: side road is continuous at 0,16
ok: side road is continuous at 1,16
ok: side road is continuous at -1,17
ok: side road is continuous at 0,17
ok: side road is continuous at 1,17
ok: side road is continuous at -1,18
ok: side road is continuous at 0,18
ok: side road is continuous at 1,18
ok: side road is continuous at -1,19
ok: side road is continuous at 0,19
ok: side road is continuous at 1,19
ok: side road is continuous at -1,20
ok: side road is continuous at 0,20
ok: side road is continuous at 1,20
ok: side road is continuous at -1,21
ok: side road is continuous at 0,21
ok: side road is continuous at 1,21
ok: side road is continuous at -1,22
ok: side road is continuous at 0,22
ok: side road is continuous at 1,22
ok: side road is continuous at -1,23
ok: side road is continuous at 0,23
ok: side road is continuous at 1,23
ok: side road is continuous at -1,24
ok: side road is continuous at 0,24
ok: side road is continuous at 1,24
ok: side road is continuous at -1,25
ok: side road is continuous at 0,25
ok: side road is continuous at 1,25
ok: side road is continuous at -1,26
ok: side road is continuous at 0,26
ok: side road is continuous at 1,26
ok: side road is continuous at -1,27
ok: side road is continuous at 0,27
ok: side road is continuous at 1,27
ok: side road is continuous at -1,28
ok: side road is continuous at 0,28
ok: side road is continuous at 1,28
ok: side road is continuous at -1,29
ok: side road is continuous at 0,29
ok: side road is continuous at 1,29
ok: side road is continuous at -1,30
ok: side road is continuous at 0,30
ok: side road is continuous at 1,30
ok: side road is continuous at -1,31
ok: side road is continuous at 0,31
ok: side road is continuous at 1,31
ok: side road is continuous at -1,32
ok: side road is continuous at 0,32
ok: side road is continuous at 1,32
ok: side road is continuous at -1,33
ok: side road is continuous at 0,33
ok: side road is continuous at 1,33
ok: side road is continuous at -1,34
ok: side road is continuous at 0,34
ok: side road is continuous at 1,34
ok: side road is continuous at -1,35
ok: side road is continuous at 0,35
ok: side road is continuous at 1,35
ok: side road is continuous at -1,36
ok: side road is continuous at 0,36
ok: side road is continuous at 1,36
ok: side road is continuous at -1,37
ok: side road is continuous at 0,37
ok: side road is continuous at 1,37
ok: side road is continuous at -1,38
ok: side road is continuous at 0,38
ok: side road is continuous at 1,38
ok: side road is continuous at -1,39
ok: side road is continuous at 0,39
ok: side road is continuous at 1,39
ok: side road is continuous at -1,40
ok: side road is continuous at 0,40
ok: side road is continuous at 1,40
ok: side road is continuous at -1,41
ok: side road is continuous at 0,41
ok: side road is continuous at 1,41
ok: side road is continuous at -1,42
ok: side road is continuous at 0,42
ok: side road is continuous at 1,42
ok: side road is continuous at -1,43
ok: side road is continuous at 0,43
ok: side road is continuous at 1,43
ok: side road is continuous at -1,44
ok: side road is continuous at 0,44
ok: side road is continuous at 1,44
ok: side road is continuous at -1,45
ok: side road is continuous at 0,45
ok: side road is continuous at 1,45
ok: side road is continuous at -1,46
ok: side road is continuous at 0,46
ok: side road is continuous at 1,46
ok: side road is continuous at -1,47
ok: side road is continuous at 0,47
ok: side road is continuous at 1,47
ok: side road is continuous at -1,48
ok: side road is continuous at 0,48
ok: side road is continuous at 1,48
ok: side road is continuous at -1,49
ok: side road is continuous at 0,49
ok: side road is continuous at 1,49
ok: side road is continuous at -1,50
ok: side road is continuous at 0,50
ok: side road is continuous at 1,50
ok: side road is continuous at -1,51
ok: side road is continuous at 0,51
ok: side road is continuous at 1,51
ok: side road is continuous at -1,52
ok: side road is continuous at 0,52
ok: side road is continuous at 1,52
ok: side road is continuous at -1,53
ok: side road is continuous at 0,53
ok: side road is continuous at 1,53
ok: side road is continuous at -1,54
ok: side road is continuous at 0,54
ok: side road is continuous at 1,54
ok: side road is continuous at -1,55
ok: side road is continuous at 0,55
ok: side road is continuous at 1,55
ok: side road is continuous at -1,56
ok: side road is continuous at 0,56
ok: side road is continuous at 1,56
ok: side road is continuous at -1,57
ok: side road is continuous at 0,57
ok: side road is continuous at 1,57
ok: side road is continuous at -1,58
ok: side road is continuous at 0,58
ok: side road is continuous at 1,58
ok: side road is continuous at -1,59
ok: side road is continuous at 0,59
ok: side road is continuous at 1,59
ok: side road is continuous at -1,60
ok: side road is continuous at 0,60
ok: side road is continuous at 1,60
ok: side road is continuous at -1,61
ok: side road is continuous at 0,61
ok: side road is continuous at 1,61
ok: side road is continuous at -1,62
ok: side road is continuous at 0,62
ok: side road is continuous at 1,62
ok: side road is continuous at -1,63
ok: side road is continuous at 0,63
ok: side road is continuous at 1,63
ok: side road is continuous at -1,64
ok: side road is continuous at 0,64
ok: side road is continuous at 1,64
ok: side road is continuous at -1,65
ok: side road is continuous at 0,65
ok: side road is continuous at 1,65
ok: side road is continuous at -1,66
ok: side road is continuous at 0,66
ok: side road is continuous at 1,66
ok: side road is continuous at -1,67
ok: side road is continuous at 0,67
ok: side road is continuous at 1,67
ok: side road is continuous at -1,68
ok: side road is continuous at 0,68
ok: side road is continuous at 1,68
ok: side road is continuous at -1,69
ok: side road is continuous at 0,69
ok: side road is continuous at 1,69
ok: side road is continuous at -1,70
ok: side road is continuous at 0,70
ok: side road is continuous at 1,70
ok: side road is continuous at -1,71
ok: side road is continuous at 0,71
ok: side road is continuous at 1,71
ok: side road is continuous at -1,72
ok: side road is continuous at 0,72
ok: side road is continuous at 1,72
ok: side road is continuous at -1,73
ok: side road is continuous at 0,73
ok: side road is continuous at 1,73
ok: side road is continuous at -1,74
ok: side road is continuous at 0,74
ok: side road is continuous at 1,74
ok: side road is continuous at -1,75
ok: side road is continuous at 0,75
ok: side road is continuous at 1,75
ok: side road is continuous at -1,76
ok: side road is continuous at 0,76
ok: side road is continuous at 1,76
ok: side road is continuous at -1,77
ok: side road is continuous at 0,77
ok: side road is continuous at 1,77
ok: side road is continuous at -1,78
ok: side road is continuous at 0,78
ok: side road is continuous at 1,78
ok: side road is continuous at -1,79
ok: side road is continuous at 0,79
ok: side road is continuous at 1,79
ok: side road is continuous at -1,80
ok: side road is continuous at 0,80
ok: side road is continuous at 1,80
ok: side road is continuous at -1,81
ok: side road is continuous at 0,81
ok: side road is continuous at 1,81
ok: side road is continuous at -1,82
ok: side road is continuous at 0,82
ok: side road is continuous at 1,82
ok: side road is continuous at -1,83
ok: side road is continuous at 0,83
ok: side road is continuous at 1,83
ok: side road is continuous at -1,84
ok: side road is continuous at 0,84
ok: side road is continuous at 1,84
ok: side road is continuous at -1,85
ok: side road is continuous at 0,85
ok: side road is continuous at 1,85
ok: side road is continuous at -1,86
ok: side road is continuous at 0,86
ok: side road is continuous at 1,86
ok: side road is continuous at -1,87
ok: side road is continuous at 0,87
ok: side road is continuous at 1,87
ok: side road is continuous at -1,88
ok: side road is continuous at 0,88
ok: side road is continuous at 1,88
ok: side road is continuous at -1,89
ok: side road is continuous at 0,89
ok: side road is continuous at 1,89
ok: side road is continuous at -1,90
ok: side road is continuous at 0,90
ok: side road is continuous at 1,90
ok: side road is continuous at -1,91
ok: side road is continuous at 0,91
ok: side road is continuous at 1,91
ok: side road is continuous at -1,92
ok: side road is continuous at 0,92
ok: side road is continuous at 1,92
ok: side road is continuous at -1,93
ok: side road is continuous at 0,93
ok: side road is continuous at 1,93
ok: side road is continuous at -1,94
ok: side road is continuous at 0,94
ok: side road is continuous at 1,94
ok: both canonical road arms are three blocks wide

=== gate specification ===
ok: exactly four gate specs exist
ok: one gate is assigned to each perimeter side
ok: east_gate: is exactly five blocks wide
ok: east_gate: lies on its correct R94 wall side
ok: east_gate: opening contains the aligned three-block road axis
ok: west_gate: is exactly five blocks wide
ok: west_gate: lies on its correct R94 wall side
ok: west_gate: opening contains the aligned three-block road axis
ok: south_gate: is exactly five blocks wide
ok: south_gate: lies on its correct R94 wall side
ok: south_gate: opening contains the aligned three-block road axis
ok: north_gate: is exactly five blocks wide
ok: north_gate: lies on its correct R94 wall side
ok: north_gate: opening contains the aligned three-block road axis

=== wall schedule and clearance ===
ok: schedule is exactly L5/R44, L8/R62, L10/R78, L15/R94
ok: no wall schedule applies before L5
ok: L5 selects palisade
ok: L9 retains cobble stage
ok: L10 selects the castle stage at R78
ok: L15 expands the existing castle material to R94
ok: L20 retains the final castle expansion stage
ok: perimeterForRadius returns an R94 square
ok: town_hall/core: wall clearance is at least 20 (81)
ok: town_hall/core: exact tower clearance is at least 20 (78)
ok: campfire/core: wall clearance is at least 20 (84)
ok: campfire/core: exact tower clearance is at least 20 (82)
ok: starter_house/core: wall clearance is at least 20 (83)
ok: starter_house/core: exact tower clearance is at least 20 (80)
ok: farmer_homestead/core: wall clearance is at least 20 (72)
ok: farmer_homestead/core: exact tower clearance is at least 20 (70)
ok: farmer_homestead/farmer_quest_annex: wall clearance is at least 20 (51)
ok: farmer_homestead/farmer_quest_annex: exact tower clearance is at least 20 (54)
ok: blacksmith_forge/core: wall clearance is at least 20 (72)
ok: blacksmith_forge/core: exact tower clearance is at least 20 (74)
ok: blacksmith_forge/blacksmith_quest_yard: wall clearance is at least 20 (27)
ok: blacksmith_forge/blacksmith_quest_yard: exact tower clearance is at least 20 (50)
ok: cartographer_house/core: wall clearance is at least 20 (77)
ok: cartographer_house/core: exact tower clearance is at least 20 (75)
ok: cartographer_house/cartographer_quest_annex: wall clearance is at least 20 (51)
ok: cartographer_house/cartographer_quest_annex: exact tower clearance is at least 20 (50)
ok: fortification_palisade/core: wall clearance is at least 20 (61)
ok: fortification_palisade/core: exact tower clearance is at least 20 (74)
ok: miner_house/core: wall clearance is at least 20 (65)
ok: miner_house/core: exact tower clearance is at least 20 (70)
ok: miner_house/miner_quest_yard: wall clearance is at least 20 (51)
ok: miner_house/miner_quest_yard: exact tower clearance is at least 20 (48)
ok: resident_house/core: wall clearance is at least 20 (65)
ok: resident_house/core: exact tower clearance is at least 20 (74)
ok: fortification_cobble/core: wall clearance is at least 20 (61)
ok: fortification_cobble/core: exact tower clearance is at least 20 (74)
ok: artisan_house/core: wall clearance is at least 20 (59)
ok: artisan_house/core: exact tower clearance is at least 20 (74)
ok: fortification_castle/core: wall clearance is at least 20 (49)
ok: fortification_castle/core: exact tower clearance is at least 20 (74)
ok: market_square/core: wall clearance is at least 20 (51)
ok: market_square/core: exact tower clearance is at least 20 (70)
ok: granary_yard/core: wall clearance is at least 20 (27)
ok: granary_yard/core: exact tower clearance is at least 20 (54)
ok: travellers_inn/core: wall clearance is at least 20 (27)
ok: travellers_inn/core: exact tower clearance is at least 20 (48)
ok: guard_barracks/core: wall clearance is at least 20 (27)
ok: guard_barracks/core: exact tower clearance is at least 20 (50)
ok: village_archive/core: wall clearance is at least 20 (31)
ok: village_archive/core: exact tower clearance is at least 20 (72)
ok: ranger_lodge/core: wall clearance is at least 20 (27)
ok: ranger_lodge/core: exact tower clearance is at least 20 (24)
ok: mercy_infirmary/core: wall clearance is at least 20 (27)
ok: mercy_infirmary/core: exact tower clearance is at least 20 (24)
ok: engineer_workshop/core: wall clearance is at least 20 (27)
ok: engineer_workshop/core: exact tower clearance is at least 20 (24)
ok: commons_infrastructure/core: wall clearance is at least 20 (27)
ok: commons_infrastructure/core: exact tower clearance is at least 20 (24)
ok: grand_council_hall/core: wall clearance is at least 20 (51)
ok: grand_council_hall/core: exact tower clearance is at least 20 (54)
ok: minimum curtain-wall clearance is the accepted 27 (27)
ok: minimum exact tower clearance is the accepted 24 (24)

=== legacy safety and module purity ===
ok: market_square/core avoids legacy_town_hall
ok: granary_yard/core avoids legacy_town_hall
ok: travellers_inn/core avoids legacy_town_hall
ok: guard_barracks/core avoids legacy_town_hall
ok: village_archive/core avoids legacy_town_hall
ok: ranger_lodge/core avoids legacy_town_hall
ok: mercy_infirmary/core avoids legacy_town_hall
ok: engineer_workshop/core avoids legacy_town_hall
ok: commons_infrastructure/core avoids legacy_town_hall
ok: grand_council_hall/core avoids legacy_town_hall
ok: market_square/core avoids legacy_campfire
ok: granary_yard/core avoids legacy_campfire
ok: travellers_inn/core avoids legacy_campfire
ok: guard_barracks/core avoids legacy_campfire
ok: village_archive/core avoids legacy_campfire
ok: ranger_lodge/core avoids legacy_campfire
ok: mercy_infirmary/core avoids legacy_campfire
ok: engineer_workshop/core avoids legacy_campfire
ok: commons_infrastructure/core avoids legacy_campfire
ok: grand_council_hall/core avoids legacy_campfire
ok: market_square/core avoids legacy_starter_house
ok: granary_yard/core avoids legacy_starter_house
ok: travellers_inn/core avoids legacy_starter_house
ok: guard_barracks/core avoids legacy_starter_house
ok: village_archive/core avoids legacy_starter_house
ok: ranger_lodge/core avoids legacy_starter_house
ok: mercy_infirmary/core avoids legacy_starter_house
ok: engineer_workshop/core avoids legacy_starter_house
ok: commons_infrastructure/core avoids legacy_starter_house
ok: grand_council_hall/core avoids legacy_starter_house
ok: market_square/core avoids legacy_farmer
ok: granary_yard/core avoids legacy_farmer
ok: travellers_inn/core avoids legacy_farmer
ok: guard_barracks/core avoids legacy_farmer
ok: village_archive/core avoids legacy_farmer
ok: ranger_lodge/core avoids legacy_farmer
ok: mercy_infirmary/core avoids legacy_farmer
ok: engineer_workshop/core avoids legacy_farmer
ok: commons_infrastructure/core avoids legacy_farmer
ok: grand_council_hall/core avoids legacy_farmer
ok: market_square/core avoids legacy_blacksmith
ok: granary_yard/core avoids legacy_blacksmith
ok: travellers_inn/core avoids legacy_blacksmith
ok: guard_barracks/core avoids legacy_blacksmith
ok: village_archive/core avoids legacy_blacksmith
ok: ranger_lodge/core avoids legacy_blacksmith
ok: mercy_infirmary/core avoids legacy_blacksmith
ok: engineer_workshop/core avoids legacy_blacksmith
ok: commons_infrastructure/core avoids legacy_blacksmith
ok: grand_council_hall/core avoids legacy_blacksmith
ok: market_square/core avoids legacy_cartographer
ok: granary_yard/core avoids legacy_cartographer
ok: travellers_inn/core avoids legacy_cartographer
ok: guard_barracks/core avoids legacy_cartographer
ok: village_archive/core avoids legacy_cartographer
ok: ranger_lodge/core avoids legacy_cartographer
ok: mercy_infirmary/core avoids legacy_cartographer
ok: engineer_workshop/core avoids legacy_cartographer
ok: commons_infrastructure/core avoids legacy_cartographer
ok: grand_council_hall/core avoids legacy_cartographer
ok: market_square/core avoids legacy_palisade_house
ok: granary_yard/core avoids legacy_palisade_house
ok: travellers_inn/core avoids legacy_palisade_house
ok: guard_barracks/core avoids legacy_palisade_house
ok: village_archive/core avoids legacy_palisade_house
ok: ranger_lodge/core avoids legacy_palisade_house
ok: mercy_infirmary/core avoids legacy_palisade_house
ok: engineer_workshop/core avoids legacy_palisade_house
ok: commons_infrastructure/core avoids legacy_palisade_house
ok: grand_council_hall/core avoids legacy_palisade_house
ok: market_square/core avoids legacy_miner
ok: granary_yard/core avoids legacy_miner
ok: travellers_inn/core avoids legacy_miner
ok: guard_barracks/core avoids legacy_miner
ok: village_archive/core avoids legacy_miner
ok: ranger_lodge/core avoids legacy_miner
ok: mercy_infirmary/core avoids legacy_miner
ok: engineer_workshop/core avoids legacy_miner
ok: commons_infrastructure/core avoids legacy_miner
ok: grand_council_hall/core avoids legacy_miner
ok: market_square/core avoids legacy_resident
ok: granary_yard/core avoids legacy_resident
ok: travellers_inn/core avoids legacy_resident
ok: guard_barracks/core avoids legacy_resident
ok: village_archive/core avoids legacy_resident
ok: ranger_lodge/core avoids legacy_resident
ok: mercy_infirmary/core avoids legacy_resident
ok: engineer_workshop/core avoids legacy_resident
ok: commons_infrastructure/core avoids legacy_resident
ok: grand_council_hall/core avoids legacy_resident
ok: market_square/core avoids legacy_cobble_house
ok: granary_yard/core avoids legacy_cobble_house
ok: travellers_inn/core avoids legacy_cobble_house
ok: guard_barracks/core avoids legacy_cobble_house
ok: village_archive/core avoids legacy_cobble_house
ok: ranger_lodge/core avoids legacy_cobble_house
ok: mercy_infirmary/core avoids legacy_cobble_house
ok: engineer_workshop/core avoids legacy_cobble_house
ok: commons_infrastructure/core avoids legacy_cobble_house
ok: grand_council_hall/core avoids legacy_cobble_house
ok: market_square/core avoids legacy_artisan
ok: granary_yard/core avoids legacy_artisan
ok: travellers_inn/core avoids legacy_artisan
ok: guard_barracks/core avoids legacy_artisan
ok: village_archive/core avoids legacy_artisan
ok: ranger_lodge/core avoids legacy_artisan
ok: mercy_infirmary/core avoids legacy_artisan
ok: engineer_workshop/core avoids legacy_artisan
ok: commons_infrastructure/core avoids legacy_artisan
ok: grand_council_hall/core avoids legacy_artisan
ok: market_square/core avoids legacy_castle_house
ok: granary_yard/core avoids legacy_castle_house
ok: travellers_inn/core avoids legacy_castle_house
ok: guard_barracks/core avoids legacy_castle_house
ok: village_archive/core avoids legacy_castle_house
ok: ranger_lodge/core avoids legacy_castle_house
ok: mercy_infirmary/core avoids legacy_castle_house
ok: engineer_workshop/core avoids legacy_castle_house
ok: commons_infrastructure/core avoids legacy_castle_house
ok: grand_council_hall/core avoids legacy_castle_house
ok: market_square/core avoids legacy_special_strip
ok: granary_yard/core avoids legacy_special_strip
ok: travellers_inn/core avoids legacy_special_strip
ok: guard_barracks/core avoids legacy_special_strip
ok: village_archive/core avoids legacy_special_strip
ok: ranger_lodge/core avoids legacy_special_strip
ok: mercy_infirmary/core avoids legacy_special_strip
ok: engineer_workshop/core avoids legacy_special_strip
ok: commons_infrastructure/core avoids legacy_special_strip
ok: grand_council_hall/core avoids legacy_special_strip
ok: spatial_plan.js does not import @minecraft/server
ok: spatial_plan.js has no world access at module load or runtime

ALL SPATIAL PLAN TESTS PASSED (1751 checks)
[SUITE] specials
ok: alchemist: has a building specification
ok: alchemist: builds a shape
ok: alchemist: records one-time build flag
ok: alchemist: spawns a tagged resident
ok: oldtimer: has a building specification
ok: oldtimer: builds a shape
ok: oldtimer: records one-time build flag
ok: oldtimer: spawns a tagged resident
ok: ranger: has a building specification
ok: ranger: builds a shape
ok: ranger: records one-time build flag
ok: ranger: spawns a tagged resident
ok: healer: has a building specification
ok: healer: builds a shape
ok: healer: records one-time build flag
ok: healer: spawns a tagged resident
ok: engineer: has a building specification
ok: engineer: builds a shape
ok: engineer: records one-time build flag
ok: engineer: spawns a tagged resident
ok: ranger: has a three-step special quest
ok: ranger: quest points to its own building
ok: healer: has a three-step special quest
ok: healer: quest points to its own building
ok: engineer: has a three-step special quest
ok: engineer: quest points to its own building
ok: ranger: first quest step turns in
ok: ranger: progress persists on oldtimer
ok: alchemist: purchase fails without emeralds
ALL SPECIAL TESTS PASSED
